Workbook

Sheet WBS
A2: Chromebook セキュリティ評価 WBS（改訂版 v3）
A3: 暫定計画：2026/10/07～11/10。実機・仕様確認・既存証跡を分け、追加試験は必要時のみ実施する。 T列のv3区分は前版（v2）からの変更を示す。
J4: 工数合計 | L4: =SUM(L6:L59) -> 22.4 | R4: 条件付き追加 合計 | S4: =SUM(S6:S59) -> 1.5
A5: WBS ID | B5: 大項目 | C5: 中項目 | D5: 小項目 | E5: 実施内容・確認手順 | F5: 完了条件 | G5: 証跡・成果物 | H5: 評価方法 | I5: 主対応枝番号（F列） | J5: 開始予定 | K5: 終了予定 | L5: 基本工数（人日） | M5: 前提・依存WBS | N5: 主担当（案） | O5: 協力先（案） | P5: 状態 | Q5: 参考資料ID | R5: 実施区分 | S5: 追加工数（人日） | T5: v3区分 | U5: v3変更要約
A6: 1.01 | B6: 1. 評価準備・環境構築 | C6: 評価範囲 | D6: 利用構成・責任分界の確定 | E6: 利用業務、Drive／M365／VDI、社内サーバー接続、扱うデータ、管理対象端末を整理する。ChromeOS端末と接続先の評価責任を分ける。初日に評価責任者へ、O～Xの評価対象範囲（Chromebook導入範囲か全社か）と2024年説明資料の入手を依頼する。 | F6: 評価境界・対象サービス・責任者を関係者が合意している。評価対象範囲と説明資料の確認依頼を発出済み。 | G6: 構成図・データフロー・責任分界表 | H6: 設計確認 | I6: 横断・補足（個別対応は対応表） | J6: 46302 | K6: 46302 | L6: 0.5 | M6: なし | N6: SE（氏名未定） | O6: 業務担当・セキュリティ担当 | P6: 未着手 | Q6: I01,G01 | R6: 計画・評価・運用 | T6: 変更 | U6: 初日に評価対象範囲・2024年説明資料の確認依頼を追加（工数据置）
A7: 1.02 | B7: 1. 評価準備・環境構築 | C7: 評価範囲 | D7: 231項目の適用性・担当割当 | E7: 評価項目対応表を全行確認し、対象／対象外／確認中、実機試験／仕様確認／運用証跡を決める。Windows、AD、DC、IaC、OTは接続先も確認する。原票の入力ルール（N列の参照エラー、DC＝ドメインコントローラー、n/aの意味、O列の全行入力、旧期限）を確認して確定する。担当部署・回答責任者・回答者（原票V～X）を割り当て、証跡依頼パッケージ（4.04a～d、5.01、5.07a、5.08向け。回答期限付き）を10/9までに送付する。 | F7: 231項目に担当（V～X）と評価方法があり、対象外理由と未確定事項が明示されている。入力ルールが確定し、証跡依頼が回答期限付きで送付されている。 | G7: 適用性一覧・証跡依頼一覧・入力ルール確認記録 | H7: 資料確認 | I7: 36, 37, 4, 5, 6, 7 | J7: 46302 | K7: 46304 | L7: 1.25 | M7: 1.01 | N7: SE（氏名未定） | O7: 各システム管理者・セキュリティ担当 | P7: 未着手 | Q7: I01,I02 | R7: 計画・評価・運用 | T7: 変更 | U7: 旧6.02の入力ルール確認を前倒しで統合（+0.25）。証跡依頼を10/9までに送付
A8: 1.03 | B8: 1. 評価準備・環境構築 | C8: 評価基準 | D8: 合格条件・成熟度基準の合意 | E8: 社内の2024年説明資料を入手し成熟度基準を確認する。O～Xの評価対象範囲（Chromebook導入範囲／全社）と、複数システム時の案分方法（原票D36）、会社名コードを評価責任者と確認する。ロック時間、更新期限、ログ期間、RPO／RTO、導入不可条件を決める。 | F8: PoC合否と運用成熟度を区別し、評価対象範囲・案分方針・判定基準が承認されている。 | G8: 評価基準・合格条件一覧 | H8: 合意形成 | I8: 横断・補足（個別対応は対応表） | J8: 46303 | K8: 46304 | L8: 0.5 | M8: 1.01 | N8: SE（氏名未定） | O8: 評価責任者・セキュリティ担当 | P8: 未着手 | Q8: I01,I03 | R8: 計画・評価・運用 | T8: 変更 | U8: 評価対象範囲・案分方針・会社名コードの確認を追加（工数据置）
A9: 1.04 | B9: 1. 評価準備・環境構築 | C9: 契約・機能 | D9: ライセンス・機能適用範囲確認 | E9: CEU、Workspace、追加ライセンスの有無を確認する。DLP、Context-Aware Access、監査・調査機能を機能別に照合する。Driveのランサムウェア検知・ファイル復元は、対応エディション、Drive for desktop前提の範囲、ChromeOSでの適用有無を確認する。 | F9: 必要機能・契約差分・試用期限が整理され、未契約と対象外を混同していない。Driveランサムウェア検知の適用範囲（ChromeOSの扱い）が明記されている。 | G9: 機能・ライセンス対応表（Drive勒索検知を含む） | H9: 仕様確認 | I9: 横断・補足（個別対応は対応表） | J9: 46303 | K9: 46304 | L9: 0.5 | M9: 1.01 | N9: SE（氏名未定） | O9: 契約担当・販売店 | P9: 未着手 | Q9: G02,G07,G14,G18,G19 | R9: 仕様確認中心 | T9: 変更 | U9: Driveランサムウェア検知・ファイル復元の対応版・適用範囲を確認項目に追加（工数据置）
A10: 1.05 | B10: 1. 評価準備・環境構築 | C10: 試験計画 | D10: 試験ケース・証跡ルール作成 | E10: 各WBSから試験IDを採番し、前提、操作、期待結果、実結果、判定、実施者を定義する。証跡に日時・端末・ユーザー・OU・ポリシー値を含める。 | F10: 試験を再現でき、評価枝番号から証跡を追跡できる。 | G10: 試験項目書・証跡命名規則 | H10: 設計確認 | I10: 横断・補足（個別対応は対応表） | J10: 46304 | K10: 46309 | L10: 0.5 | M10: 1.02,1.03,1.04 | N10: SE（氏名未定） | O10: セキュリティ担当 | P10: 未着手 | Q10: I01,G03,G04 | R10: 計画・評価・運用 | T10: 日程変更 | U10: 区間容量検査を満たすよう作業窓を調整（旧10/09～10/13）
A11: 1.06 | B11: 1. 評価準備・環境構築 | C11: 環境準備 | D11: テナント・OU・試験アカウント準備 | E11: 1.04と並行して既存の利用可能環境を確認し、試験OU・一般／管理／組織外アカウント・無害な試験データを準備する。1.09でネットワーク申請も開始する。 | F11: 必要な権限・アカウント・ネットワークが利用可能。 | G11: 試験環境一覧 | H11: 環境構築 | I11: 横断・補足（個別対応は対応表） | J11: 46303 | K11: 46308 | L11: 0.5 | M11: 1.01（1.04と並行） | N11: SE（氏名未定） | O11: Workspace管理者 | P11: 未着手 | Q11: G01,G02 | R11: 計画・評価・運用 | T11: 日程変更 | U11: 依存を「1.01（1.04と並行）」に修正（v2は1.04終了前に開始する矛盾）
A12: 1.07 | B12: 1. 評価準備・環境構築 | C12: 環境準備 | D12: 企業登録・資産登録 | E12: 機種、シリアル、OS、更新期限を記録し企業登録する。管理コンソールでOU・状態を確認し、Wi-Fiと基本ポリシーを配布する。 | F12: 対象機が管理対象となり、資産情報とポリシー適用が確認できる。 | G12: 端末台帳・登録記録 | H12: 実機試験 | I12: 横断・補足（個別対応は対応表） | J12: 46309 | K12: 46309 | L12: 0.5 | M12: 1.06,1.10 | N12: SE（氏名未定） | O12: 端末管理者 | P12: 未着手 | Q12: G01,G03,G10 | R12: 実機検証 | T12: 維持
A13: 1.08 | B13: 1. 評価準備・環境構築 | C13: 環境準備 | D13: ポリシー基線・反映確認 | E13: 承認した設定値を保存する。chrome://policy等で実効値を確認し、OU継承、再ログイン・再起動、反映時間を記録する。 | F13: 管理画面の設定と端末の実効値が一致し、反映条件が記録されている。 | G13: 設定基線・ポリシー出力 | H13: 実機試験 | I13: 32, 33, 34, 35 | J13: 46310 | K13: 46310 | L13: 0.5 | M13: 1.07 | N13: SE（氏名未定） | O13: 端末管理者 | P13: 未着手 | Q13: G03,G04 | R13: 実機検証 | T13: 日程変更 | U13: 区間容量検査を満たすよう作業窓を調整（旧10/14～10/14）
A14: 1.09 | B14: 1. 評価準備・環境構築 | C14: 接続準備 | D14: 接続要件・申請・リードタイム確認 | E14: Workspace登録・更新・VDI等の宛先、Proxy許可リスト、Wi-Fi認証、企業ルート証明書、端末証明書の配布方法を担当へ確認する。必要申請と回答期限を合意する。 | F14: 依頼先・申請内容・回答期限と接続完了条件が明確。待ち時間は作業工数と分けて追跡する。 | G14: 接続要件・申請台帳 | H14: 調整・既存設計確認 | I14: 横断・補足（個別対応は対応表） | J14: 46303 | K14: 46308 | L14: 0.5 | M14: 1.01 | N14: SE（氏名未定） | O14: ネットワーク・VDI・証明書管理者 | P14: 未着手 | Q14: G01,G03,G04 | R14: 接続申請・調整 | T14: 維持
A15: 1.10 | B15: 1. 評価準備・環境構築 | C15: 接続準備 | D15: 登録用ネットワーク・証明書の基本確認 | E15: 承認済み接続方式で登録に必要な通信を確立する。証明書・Proxyが登録前に必要な場合の初期設定経路を確認し、管理通信と更新通信を確認する。 | F15: 企業登録できる接続経路があり、証明書警告を無視せず通信できる。 | G15: 初期接続・証明書確認記録 | H15: 実機試験 | I15: 横断・補足（個別対応は対応表） | J15: 46308 | K15: 46309 | L15: 0.25 | M15: 1.06,1.09 | N15: SE（氏名未定） | O15: ネットワーク・証明書管理者 | P15: 未着手 | Q15: G01,G03 | R15: 基本接続の実機確認 | T15: 日程変更 | U15: 区間容量検査を満たすよう作業窓を調整（旧10/13～10/13）
A16: 1.11 | B16: 1. 評価準備・環境構築 | C16: 接続準備 | D16: VDI・M365・業務サービスの基本接続 | E16: 企業登録後、利用予定の業務サービス・VDIに試験アカウントで接続する。認証・画面表示・必須業務操作を確認し、通信不備は直ちに担当へ依頼する。あわせて業務アプリ互換チェックリスト（主要業務アプリ、周辺機器、印刷、ビデオ会議）を作成し、業務部門に実施を依頼して結果を回収する。 | F16: 主要サービスの基本利用可否が判明し、阻害要因を早期に課題化できる。業務アプリ互換の結果が6.05の業務影響に使える形で整理されている。正式制御試験は4.03で実施する。 | G16: 業務接続確認・接続課題一覧・業務アプリ互換チェックリスト | H16: 実機試験 | I16: 横断・補足（個別対応は対応表） | J16: 46310 | K16: 46311 | L16: 0.65 | M16: 1.07,1.10 | N16: SE（氏名未定） | O16: VDI・M365・業務システム担当・業務部門 | P16: 未着手 | Q16: I01,G01,C02 | R16: 基本接続の実機確認 | T16: 変更 | U16: 業務アプリ互換チェックリスト（業務部門が実施・SEは作成と回収）を追加（+0.15）
A17: 2.01 | B17: 2. 認証・権限管理 | C17: 認証・アカウント | D17: 会社アカウント以外の端末ログイン制限 | E17: 許可リストを設定し、会社・個人Gmail・他組織アカウントでログインする。許可・拒否の両方を確認する。 | F17: 承認済み会社アカウントのみ端末へログインできる。 | G17: 認証試験記録 | H17: 実機試験 | I17: 横断・補足（個別対応は対応表） | J17: 46311 | K17: 46311 | L17: 0.25 | M17: 1.08 | N17: SE（氏名未定） | O17: Workspace管理者 | P17: 未着手 | Q17: G03 | R17: 実機検証 | T17: 日程変更 | U17: 区間容量検査を満たすよう作業窓を調整（旧10/15～10/15）
A18: 2.02 | B18: 2. 認証・権限管理 | C18: 認証・アカウント | D18: 追加アカウント・マルチログイン制限 | E18: 端末ログイン後の個人アカウント追加と、複数ユーザー同時ログインを別々に試す。Webサービス内の個人アカウント利用も確認する。 | F18: 承認済みアカウント範囲を各経路で維持できる。制御対象外経路は記録する。 | G18: 追加ログイン試験記録 | H18: 実機試験 | I18: 横断・補足（個別対応は対応表） | J18: 46311 | K18: 46311 | L18: 0.25 | M18: 2.01 | N18: SE（氏名未定） | O18: Workspace管理者 | P18: 未着手 | Q18: G04,G05 | R18: 実機検証 | T18: 日程変更 | U18: 区間容量検査を満たすよう作業窓を調整（旧10/15～10/15）
A19: 2.03 | B19: 2. 認証・権限管理 | C19: 認証・アカウント | D19: MFA・フィッシング耐性評価 | E19: オンライン再認証で第2要素の成功・拒否・未登録を確認する。採用する認証方式のフィッシング耐性と復旧手順を評価する。パスキーやセキュリティキーなどフィッシング耐性のある方式の可否と、登録・失効手順も確認する。 | F19: 対象サービスで承認方式が強制され、例外・復旧経路が管理されている。 | G19: MFA設定・認証記録・例外一覧 | H19: 実機・仕様確認 | I19: 72, 73, 74, 164 | J19: 46311 | K19: 46314 | L19: 0.5 | M19: 1.03,2.01 | N19: SE（氏名未定） | O19: IdP管理者 | P19: 未着手 | Q19: I01,G03 | R19: 仕様確認中心 | T19: 変更 | U19: パスキー／セキュリティキーの可否・登録・失効手順を追加（工数据置）
A20: 2.04 | B20: 2. 認証・権限管理 | C20: 認証・アカウント | D20: 離線ログイン・画面ロック | E20: オンライン認証、キャッシュによる離線ログイン、PIN等のロック解除を区別して試す。無操作・スリープ復帰時のロックを測定する。最大セッション時間と強制オンライン再認証の頻度も確認する。 | F20: 承認したロック時間・離線利用条件・セッション上限を満たす。毎回のオンラインMFAと混同しない。 | G20: 離線・ロック試験記録 | H20: 実機試験 | I20: 横断・補足（個別対応は対応表） | J20: 46314 | K20: 46314 | L20: 0.25 | M20: 2.03 | N20: SE（氏名未定） | O20: 端末管理者 | P20: 未着手 | Q20: G03,G04,I03,C02 | R20: 実機検証 | T20: 変更 | U20: 最大セッション時間・強制オンライン再認証の頻度を追加（工数据置）
A21: 2.05 | B21: 2. 認証・権限管理 | C21: 認証情報保護 | D21: パスワード・保存・認証失敗対策 | E21: パスワード要件、ブラウザ保存、承認済み管理ツールを確認する。漏えい資格情報の検知とパスワード再利用警告（Password Alert）の可否を確認する。少数の試験用失敗ログインで記録・防御仕様を確認する。 | F21: 元要件との差分が整理される。固定回数ロックが非対応の場合は代替策を承認する。 | G21: 認証情報保護確認表 | H21: 実機・仕様確認 | I21: 78, 75, 81, 82, 86, 83, 84, 85 | J21: 46314 | K21: 46314 | L21: 0.5 | M21: 1.03,2.03 | N21: SE（氏名未定） | O21: IdP管理者・SOC | P21: 未着手 | Q21: I01,G04,G06,C02 | R21: 仕様確認中心 | T21: 変更 | U21: 漏えい資格情報検知・Password Alertの可否を追加（工数据置）
A22: 2.06 | B22: 2. 認証・権限管理 | C22: 権限管理 | D22: 一般権限と管理者権限の分離 | E22: 一般アカウントで管理操作を試し拒否を確認する。管理者ロールの範囲、専用管理アカウント、委託先権限を確認する。管理コンソール自体の保護として、スーパー管理者の人数と緊急用（break-glass）アカウント、管理者へのセキュリティキー必須化、管理コンソールを管理端末からのみ利用させる制御、復旧オプションとバックアップコードを確認する。 | F22: 必要最小限の権限のみ付与され、管理用と日常用アカウントが分離されている。管理コンソールの保護方式と緊急時の入口が記録されている。 | G22: 権限一覧・権限試験記録・管理コンソール保護確認表 | H22: 実機・運用確認 | I22: 76, 80, 92, 129, 124, 79 | J22: 46314 | K22: 46315 | L22: 0.75 | M22: 1.06 | N22: SE（氏名未定） | O22: Workspace管理者・委託先管理担当 | P22: 未着手 | Q22: I01,G15,C02 | R22: 実機検証 | T22: 変更 | U22: 管理コンソール自体の保護（break-glass、セキュリティキー、管理端末限定）を追加（+0.25）
A23: 2.07 | B23: 2. 認証・権限管理 | C23: アカウント運用 | D23: 停用・権限棚卸し・セッション処置 | E23: 試験ユーザーを停止し、新規ログインと既存セッションを確認する。OAuth許可・セッション失効、退職処理、四半期棚卸し手順も確認する。 | F23: 停止後のアクセス制限範囲と反映時間が記録され、離線時の残存リスクが明示される。 | G23: 停用試験・棚卸し手順 | H23: 実機・運用確認 | I23: 132, 128 | J23: 46315 | K23: 46316 | L23: 0.5 | M23: 2.06 | N23: SE（氏名未定） | O23: IdP管理者・人事窓口 | P23: 未着手 | Q23: I01,G08 | R23: 実機検証 | T23: 日程変更 | U23: 区間容量検査を満たすよう作業窓を調整（旧10/20～10/20）
A24: 3.01 | B24: 3. 端末・アプリ・更新管理 | C24: 端末保護 | D24: ゲスト・開発者モード・Linux環境制限 | E24: ゲスト経路を確認する。強制再登録の設定と開発者モード制限を検証する。Linux開発環境、Androidデバッグの許可範囲を別途確認する。DevTools、chrome://flags、Crosh、管理ゲストセッションの可否も確認する。 | F24: 未承認の利用・実行環境を開けない。設定名称と端末の挙動を保存する。 | G24: ハードニング試験記録 | H24: 実機試験 | I24: 横断・補足（個別対応は対応表） | J24: 46316 | K24: 46316 | L24: 0.4 | M24: 1.08 | N24: SE（氏名未定） | O24: 端末管理者 | P24: 未着手 | Q24: G03,G04,G09,C02,C04 | R24: 実機検証 | T24: 変更 | U24: DevTools・chrome://flags・Crosh・管理ゲストセッションの可否を追加（+0.15）
A25: 3.02 | B25: 3. 端末・アプリ・更新管理 | C25: 端末保護 | D25: 標準保護仕様・実効設定・ユーザー分離 | E25: Google公式仕様でVerified Boot、サンドボックス、暗号化の対象を確認する。3.01の実効設定を引用し、一般ユーザー間で保存したダミーファイルが見えないことを確認する。exe試験は原則省略する。 | F25: 仕様上の保護と実機確認を区別して記録。Linux禁止を全スクリプト実行不可の証明にしない。 | G25: 仕様根拠・設定証跡・分離確認記録 | H25: 仕様＋限定実機 | I25: 114, 115 | J25: 46316 | K25: 46316 | L25: 0.25 | M25: 3.01 | N25: SE（氏名未定） | O25: セキュリティ担当 | P25: 未着手 | Q25: G11,I01 | R25: 仕様確認中心 | T25: 維持
A26: 3.03 | B26: 3. 端末・アプリ・更新管理 | C26: アプリ管理 | D26: 拡張機能の許可・拒否・強制配布 | E26: 未許可拡張の導入を試す。許可した拡張の導入、強制配布、削除制限を確認し、申請・承認・取消手順を作成する。PWA（Webアプリ）の導入可否と、未承認のリモートアクセス系拡張・Chrome Remote Desktopのホスト／クライアント制限を確認する。 | F26: 承認済み拡張・Webアプリのみ利用でき、例外と変更が追跡できる。リモートアクセス系ツールの利用範囲が管理されている。 | G26: 拡張機能・PWA試験・承認一覧 | H26: 実機試験 | I26: 104, 106, 125, 26 | J26: 46316 | K26: 46317 | L26: 0.45 | M26: 1.08 | N26: SE（氏名未定） | O26: Workspace管理者 | P26: 未着手 | Q26: G04,C02,C03 | R26: 実機検証 | T26: 変更 | U26: PWA・リモートアクセス系ツール（拡張・Chrome Remote Desktop）の制御を追加（+0.20）
A27: 3.04 | B27: 3. 端末・アプリ・更新管理 | C27: アプリ管理 | D27: Androidアプリ・APK経路確認 | E27: Android利用の要否を決め、禁止または許可リストを適用する。未許可アプリ、外部APK導入経路、デバッグ利用を確認する。未承認のリモートアクセス系Androidアプリの導入可否も確認する。 | F27: 承認した配布経路のみ利用できる。機種非対応なら仕様と理由を記録する。 | G27: Android試験記録 | H27: 実機・仕様確認 | I27: 横断・補足（個別対応は対応表） | J27: 46317 | K27: 46317 | L27: 0.25 | M27: 3.01,3.03 | N27: SE（氏名未定） | O27: 端末管理者 | P27: 未着手 | Q27: G04 | R27: 仕様確認中心 | T27: 変更 | U27: 未承認のリモートアクセス系Androidアプリの導入可否を追加（工数据置）
A28: 3.05 | B28: 3. 端末・アプリ・更新管理 | C28: アプリ管理 | D28: OAuthアプリ・API権限管理 | E28: 承認済み試験アプリと未承認アプリへのデータアクセスを確認する。要求スコープ、既存同意、許可取消を確認する。 | F28: 承認範囲を超えるデータアクセスを制御でき、許可取消の結果が記録される。 | G28: OAuth設定・認可試験記録 | H28: 実機試験 | I28: 140 | J28: 46317 | K28: 46317 | L28: 0.5 | M28: 1.04,2.06 | N28: SE（氏名未定） | O28: Workspace管理者 | P28: 未着手 | Q28: G08 | R28: 実機検証 | T28: 維持
A29: 3.06 | B29: 3. 端末・アプリ・更新管理 | C29: 更新・脆弱性 | D29: 自動更新・再起動・最低バージョン | E29: 利用可能な更新を用いて更新前後を記録し、再起動と最低バージョンの期限動作を確認する。更新が無い場合は実更新を未検証とする。 | F29: 設定確認と実更新を区別し、期限・ユーザー回避可否を評価できる。 | G29: 更新試験・バージョン記録 | H29: 実機試験 | I29: 横断・補足（個別対応は対応表） | J29: 46318 | K29: 46321 | L29: 0.5 | M29: 1.07,1.03 | N29: SE（氏名未定） | O29: 端末管理者 | P29: 未着手 | Q29: G03,G10 | R29: 実機検証 | T29: 維持
A30: 3.07 | B30: 3. 端末・アプリ・更新管理 | C30: 更新・脆弱性 | D30: 脆弱性情報・AUE・更新失敗運用 | E30: 対象機種の更新期限、脆弱性情報の収集元、適用期限、オフライン・更新失敗・期限切れ端末の扱いを定める。 | F30: 検出から対処までの担当・期限・代替策が定義されている。 | G30: 更新運用手順・例外台帳 | H30: 仕様・運用確認 | I30: 28, 29, 30, 31, 49, 50, 51 | J30: 46318 | K30: 46321 | L30: 0.25 | M30: 1.07（3.06と並行） | N30: SE（氏名未定） | O30: セキュリティ担当 | P30: 未着手 | Q30: G10,I01 | R30: 仕様確認中心 | T30: 日程変更 | U30: 依存を「1.07（3.06と並行）」に修正（v2は3.06終了前に開始する矛盾）
A31: 3.08 | B31: 3. 端末・アプリ・更新管理 | C31: 資産・構成管理 | D31: 資産・アプリ台帳と構成差分 | E31: デバイス・アプリ情報を台帳と照合する。試験OUの設定を変更し、基線との差分、変更ログ、復元を確認する。 | F31: 所有者・重要度・依存関係が台帳にあり、設定差分を検出・修正できる。 | G31: 資産台帳・構成差分・変更記録 | H31: 実機・運用確認 | I31: 119, 120, 121, 122, 39, 40, 123, 41 | J31: 46321 | K31: 46321 | L31: 0.25 | M31: 1.08,3.03 | N31: SE（氏名未定） | O31: 資産管理担当 | P31: 未着手 | Q31: I01,G03,G04 | R31: 実機検証 | T31: 維持
A32: 3.09 | B32: 3. 端末・アプリ・更新管理 | C32: 防御範囲評価 | D32: 標準機能とAV／EDR要件の差分確認 | E32: 公式アーキテクチャ資料と既存のセキュリティ対策を用い、予防・検知・隔離・取証のカバー範囲を整理する。実マルウェアや検出率試験は行わない。未カバー部分は代替策を提示する。 | F32: 原要件、仕様根拠、未カバー能力、既存対策、残余リスクを示し、安全評価責任者に受容可否を確認する。 | G32: AV／EDR適合性・代替策評価表 | H32: 仕様・既存証跡 | I32: 102, 103, 107, 174, 108, 109, 172, 173 | J32: 46321 | K32: 46322 | L32: 0.5 | M32: 3.02,3.03 | N32: SE（氏名未定） | O32: セキュリティ担当・SOC | P32: 未着手 | Q32: I01,G11 | R32: 既存証跡を活用 | T32: 維持
A33: 4.01 | B33: 4. 通信・データ保護 | C33: Web保護 | D33: Safe Browsing・ダウンロード制御 | E33: 無害な公式テストページ等で警告・ブロックを確認する。ユーザーによる回避、許可ファイルの業務影響を記録する。証明書エラーの上書き可否、Safe Browsingの強化モードと警告回避禁止の設定も確認する。 | F33: 承認済みポリシーが強制され、警告と遮断を区別して記録できる。 | G33: Web保護試験記録 | H33: 実機試験 | I33: 178 | J33: 46322 | K33: 46322 | L33: 0.25 | M33: 1.08 | N33: SE（氏名未定） | O33: セキュリティ担当 | P33: 未着手 | Q33: G04,G06,C02 | R33: 実機検証 | T33: 変更 | U33: 証明書エラー上書き・Safe Browsing強化モード・警告回避禁止を追加（工数据置）
A34: 4.02 | B34: 4. 通信・データ保護 | C34: Web保護 | D34: URL・サイト権限・情報送信制御 | E34: 安全な試験URLで許可／拒否を確認する。通知、追跡関連設定、入力補完・診断情報等の送信先と必要性を確認する。ChromeOSの生成AI機能（Gemini等）の可否と外部送信を確認する。原票のTracking prevention／Website typo protectionはEdgeの機能名のため、Chrome／ChromeOSでの同等機能の有無を確認し、無ければ代替策を記録する。 | F34: 業務アクセスを維持しつつ、不要なサイト権限・情報送信が制御される。同等機能が無い項目は「直接の同等機能なし＋代替策」と記録し、満たしたとは扱わない。 | G34: URL・ブラウザ設定確認表 | H34: 実機・仕様確認 | I34: 177, 179, 176 | J34: 46322 | K34: 46322 | L34: 0.25 | M34: 4.01 | N34: SE（氏名未定） | O34: セキュリティ担当 | P34: 未着手 | Q34: G04,G06,C03,G21 | R34: 仕様確認中心 | T34: 変更 | U34: 生成AI機能の可否・Edge固有機能の扱いを追加（工数据置）
A35: 4.03 | B35: 4. 通信・データ保護 | C35: ネットワーク | D35: 通信経路・利用者変更・制御迂回の検証 | E35: 1.09～1.11で打通済みの会社／外部ネットワークで、承認済みVPN・Proxy・DNS経路と許可／拒否を確認する。利用者が設定を変更して制御を回避できないか確認する。 | F35: 基本疎通とは別に通信制御の有効性を記録し、制御できない経路は残余リスクとして記載する。 | G35: ネットワーク試験・データフロー | H35: 実機試験 | I35: 52, 53, 113, 144, 145, 96, 27 | J35: 46318 | K35: 46321 | L35: 0.5 | M35: 1.10,1.11 | N35: SE（氏名未定） | O35: ネットワーク担当 | P35: 未着手 | Q35: I01,G03,G04 | R35: 実機検証 | T35: 日程変更 | U35: 区間容量検査を満たすよう作業窓を調整（旧10/23～10/23）
A36: 4.04a | B36: 4. 通信・データ保護 | C36: 接続先管理 | D36: 接続先証跡確認（AD／DC／Windows管理・27項目） | E36: AD管理者から、ドメインコントローラー（原票の「データセンター」は原文のDC＝Domain Controllerの訳）、特権アカウント、PowerShell／スクリプト、LSASS・資格情報保護等の設定証跡を受領する（27項目）。サーバー側の再試験は原則行わず、Chromebook導入で変わる経路のみ1.11の結果を参照して補足確認する。 | F36: 端末側と接続先の評価責任・証跡が明確。既存証跡不足や新規経路は課題として担当へ引き継ぎ、回答期限と状況を追跡できる。 | G36: 接続先評価・依存関係一覧（AD／Windows） | H36: 既存証跡＋差分確認 | I36: 87, 88, 89, 101, 130, 131, 146, 147, 148, 149, 150, 151, 152, 153, 154, 155, 156, 157, 158, 159, 160, 161, 162, 168, 196, 202, 203 | J36: 46310 | K36: 46323 | L36: 0.2 | M36: 1.02 | N36: SE（氏名未定） | O36: AD／Windows管理者 | P36: 未着手 | Q36: I01 | R36: 既存証跡を活用 | T36: 分割 | U36: 旧4.04（68項目・0.50人日）を責任者別に分割。回答期限と状態を個別に追跡
A37: 4.04b | B37: 4. 通信・データ保護 | C37: 接続先管理 | D37: 接続先証跡確認（SMB／NTLM／暗号化・22項目） | E37: ファイルサーバー管理者から、SMBの版数・署名・暗号化、NTLM制限、NetBIOS関連の設定証跡を受領する（22項目）。Chromebook側のSMB／NTLMクライアント制御は4.09で確認する。 | F37: 端末側と接続先の評価責任・証跡が明確。既存証跡不足や新規経路は課題として担当へ引き継ぎ、回答期限と状況を追跡できる。 | G37: 接続先評価・依存関係一覧（SMB／NTLM／暗号化） | H37: 既存証跡＋差分確認 | I37: 54, 55, 56, 57, 58, 59, 60, 61, 62, 63, 64, 65, 66, 67, 68, 69, 70, 71, 163, 165, 166, 167 | J37: 46310 | K37: 46323 | L37: 0.15 | M37: 1.02 | N37: SE（氏名未定） | O37: ファイルサーバー・ストレージ管理者 | P37: 未着手 | Q37: I01 | R37: 既存証跡を活用 | T37: 分割 | U37: 旧4.04（68項目・0.50人日）を責任者別に分割。回答期限と状態を個別に追跡
A38: 4.04c | B38: 4. 通信・データ保護 | C38: 接続先管理 | D38: 接続先証跡確認（VDI／RDP／リモート／RMM・14項目） | E38: VDI・リモートアクセス基盤の担当者から、RDP・リモート環境・RMM・公開サービス・不要機能の設定証跡を受領する（14項目）。端末側のリモートアクセス系ツールの制御は3.03／3.04で確認する。 | F38: 端末側と接続先の評価責任・証跡が明確。既存証跡不足や新規経路は課題として担当へ引き継ぎ、回答期限と状況を追跡できる。 | G38: 接続先評価・依存関係一覧（VDI／RDP／リモート／RMM） | H38: 既存証跡＋差分確認 | I38: 24, 25, 38, 42, 43, 44, 45, 46, 47, 48, 91, 141, 142, 223 | J38: 46310 | K38: 46323 | L38: 0.1 | M38: 1.02 | N38: SE（氏名未定） | O38: VDI・リモートアクセス基盤担当 | P38: 未着手 | Q38: I01 | R38: 既存証跡を活用 | T38: 分割 | U38: 旧4.04（68項目・0.50人日）を責任者別に分割。回答期限と状態を個別に追跡
A39: 4.04d | B39: 4. 通信・データ保護 | C39: 接続先管理 | D39: 接続先証跡確認（仮想化・アプリ制御・ログ等・5項目） | E39: 仮想化基盤、アプリケーション制御、アンチマルウェア運用、ツール使用調査、認証イベントログの既存証跡を担当者から受領し、ChromeOSで変わる点のみ補足する（5項目）。 | F39: 端末側と接続先の評価責任・証跡が明確。既存証跡不足や新規経路は課題として担当へ引き継ぎ、回答期限と状況を追跡できる。 | G39: 接続先評価・依存関係一覧（仮想化・アプリ制御・ログ等） | H39: 既存証跡＋差分確認 | I39: 105, 110, 133, 199, 224 | J39: 46310 | K39: 46323 | L39: 0.05 | M39: 1.02 | N39: SE（氏名未定） | O39: 仮想化基盤・セキュリティ運用担当 | P39: 未着手 | Q39: I01 | R39: 既存証跡を活用 | T39: 分割 | U39: 旧4.04（68項目・0.50人日）を責任者別に分割。回答期限と状態を個別に追跡
A40: 4.05 | B40: 4. 通信・データ保護 | C40: データ持出し | D40: USB・外部記憶媒体制限 | E40: 会社方針の禁止または読取専用を設定し、試験ファイルの読込・書込・削除を試す。利用する媒体種別ごとに確認する。 | F40: 対象媒体で承認設定が効き、許可する周辺機器への影響も記録される。 | G40: USB試験記録 | H40: 実機試験 | I40: 横断・補足（個別対応は対応表） | J40: 46324 | K40: 46324 | L40: 0.25 | M40: 1.08 | N40: SE（氏名未定） | O40: 端末管理者 | P40: 未着手 | Q40: G04,I03 | R40: 実機検証 | T40: 維持
A41: 4.06 | B41: 4. 通信・データ保護 | C41: データ持出し | D41: 外部共有・印刷・コピー・ダウンロード | E41: 試験データで外部ユーザー共有、リンク共有、印刷、コピー、ダウンロードを経路別に確認する。所有者／閲覧者権限を区別する。 | F41: 会社方針に対する可否と制御範囲が記録され、未対応経路が残余リスクに挙がる。 | G41: データ持出し試験・例外一覧 | H41: 実機試験 | I41: 横断・補足（個別対応は対応表） | J41: 46324 | K41: 46324 | L41: 0.5 | M41: 1.04,2.02 | N41: SE（氏名未定） | O41: データ所有部門・Workspace管理者 | P41: 未着手 | Q41: G04,G07,I03 | R41: 実機検証 | T41: 維持
A42: 4.07 | B42: 4. 通信・データ保護 | C42: データ保護 | D42: DLP・端末条件付きアクセスの適用評価 | E42: 対応ライセンス・採用方針を確認し、未採用／未契約時は差分と代替策を整理する。必要機能として採用する場合のみ、専用OU・ダミーデータ・非準拠端末で追加試験する。 | F42: 共有制限とDLPを区別し、対応可否・費用前提・代替策が明確である。 | G42: 機能差分・DLP等の試験記録 | H42: 仕様確認（実機は必要時） | I42: 77, 23, 118, 126, 134, 22, 143, 127 | J42: 46325 | K42: 46325 | L42: 0.25 | M42: 1.04,4.06 | N42: SE（氏名未定） | O42: セキュリティ担当・販売店 | P42: 未着手 | Q42: G07,G14 | R42: 仕様確認中心 | S42: 0.5 | T42: 維持
A43: 4.08 | B43: 4. 通信・データ保護 | C43: メール・業務データ | D43: メール保護証跡・VBA適用範囲の確認 | E43: 実利用のメール基盤から添付制限・なりすまし対策等の既存証跡を受領する。Web版ExcelのVBA非実行は公式仕様で確認する。VDIのOfficeマクロ設定はVDI責任者へ照会する。 | F43: 端末側でVBAを使用しない根拠とVDI側の責任・証跡を明示。「マクロウイルスに免疫」と表現せず、メール対策の確認は残す。 | G43: メール・マクロ対策確認表 | H43: 仕様・既存証跡 | I43: 94, 95, 97, 98, 99, 100 | J43: 46325 | K43: 46328 | L43: 0.25 | M43: 1.01,4.04a,4.04b,4.04c,4.04d | N43: SE（氏名未定） | O43: メール・VDI管理者 | P43: 未着手 | Q43: I01,G16 | R43: 既存証跡を活用 | T43: 日程変更 | U43: 区間容量検査を満たすよう作業窓を調整（旧10/30～10/30）
A44: 4.09 | B44: 4. 通信・データ保護 | C44: ネットワーク | D44: SMB／NTLMクライアント制御（Chromebook側） | E44: ネットワークファイル共有（SMB）の可否ポリシーを設定し、試験用共有へのマウント可否を許可・禁止の両方で確認する。許可する場合はNTLM認証とNetBIOS探索の設定を確認し、接続先の署名・暗号化はサーバー側の証跡（4.04b）で確認する。 | F44: ChromeOSからのSMB接続が承認方針どおりに許可／禁止され、NTLM・NetBIOSの扱いと残余リスクが記録されている。 | G44: SMB／NTLM試験記録・設定値一覧 | H44: 実機試験 | I44: 副：58, 60, 62, 163, 167 | J44: 46322 | K44: 46323 | L44: 0.25 | M44: 1.08 | N44: SE（氏名未定） | O44: ファイルサーバー管理者 | P44: 未着手 | Q44: G03,G04,G20 | R44: 実機検証 | T44: 新規 | U44: Chromebook側のSMB／NTLM／NetBIOS制御の実機確認を追加（0.25人日）
A45: 5.01 | B45: 5. 復旧・監視・運用 | C45: バックアップ | D45: バックアップ責任分界・既存復元証跡 | E45: 端末ローカルに重要データを残さない利用方針を確認する。Drive／M365／VDIの保護対象、バックアップ責任者、独立性、保存期間、RPO／RTOと既存復元記録を収集し、不足を整理する。Driveのごみ箱・版管理・管理者復元の保持期間（仕様）も確認する。 | F45: 既存復元証跡で評価可能か判断できる。同期・再アクセスを削除／上書きからの復元と混同しない。 | G45: 保存先・責任分界・既存復元証跡一覧 | H45: 既存証跡確認 | I45: 10, 138, 139, 1, 9, 136 | J45: 46304 | K45: 46323 | L45: 0.5 | M45: 1.01,1.02 | N45: SE（氏名未定） | O45: データ所有者・バックアップ担当 | P45: 未着手 | Q45: I01,C02 | R45: 既存証跡を活用 | T45: 変更 | U45: Driveのごみ箱・版管理・管理者復元の保持期間（仕様）を追加。F3／F8は5.06へ移動
A46: 5.02 | B46: 5. 復旧・監視・運用 | C46: バックアップ | D46: Drive復元確認と追加復元試験 | E46: Driveについて、データ管理担当がダミーデータを削除・上書き（ランサムウェア被害を模した無害な一括変更）し、版の復元（複数ファイルの復元）を実施する。Drive for desktop前提の検知機能がChromeOSでも働くかを仕様確認と実機で確認する。M365・VDI・ファイルサーバー等のその他の保存先は、5.01で既存証跡が不足、または保存先や保護方式に変更がある場合のみ追加で実施する。SEは立会い・記録する。 | F46: Driveの復元結果（内容・件数・権限・復旧時間）とChromeOSでの検知可否が記録されている。その他の保存先は実施または省略判断（既存証跡番号・判断者・理由）が残る。 | G46: Drive復元記録・検知適用範囲メモ、追加復元記録または省略判断と既存証跡 | H46: Driveは実機（必須）、その他は必要時のみ | I46: 2, 227, 229, 188 | J46: 46324 | K46: 46325 | L46: 0.25 | M46: 5.01 | N46: データ管理担当（SE立会） | O46: バックアップ担当 | P46: 未着手 | Q46: I01,G18,G19,C02 | R46: Drive必須＋その他は条件付き | S46: 0.25 | T46: 変更 | U46: Drive部分を必須化（SE 0.25人日）。他の保存先は証跡不足時のみ（条件付き0.25人日）
A47: 5.03 | B47: 5. 復旧・監視・運用 | C47: 監査・監視 | D47: イベント記録・検索・出力 | E47: ログイン成功失敗、管理変更、共有、OAuth等の試験イベントを発生させる。取得可能項目、時刻、主体、遅延、出力を記録する。あわせて端末側のログ・上報（Chromeイベント上報、端末OS／ハードウェア情報、システムログのアップロード）の可否と、端末上の失敗ログインが確認できるかを確認する。 | F47: 必要イベントの取得可否が明確で、ログ欠落を無条件に合格としない。端末側で取得できないイベントは代替策とともに記録される。 | G47: ログ取得一覧・サンプル | H47: 実機試験 | I47: 横断・補足（個別対応は対応表） | J47: 46324 | K47: 46328 | L47: 0.65 | M47: 2.07,3.05,4.06 | N47: SE（氏名未定） | O47: SOC・Workspace管理者 | P47: 未着手 | Q47: I01,G12,C02,C03 | R47: 実機検証 | T47: 変更 | U47: 端末側のログ・上報（Chromeイベント、システムログ、端末上の失敗ログイン）を追加（+0.15）
A48: 5.04 | B48: 5. 復旧・監視・運用 | C48: 監査・監視 | D48: ログ保管・SIEM・告知ルール | E48: 既存のログ保管・SIEM・通知運用を確認し、必要イベントが対象となるか照合する。新規保管基盤の構築は本PoCに含めず、不足は是正計画に記載する。通知経路は無害なイベントで確認する。 | F48: 保存・保護・監視担当が明確。枝170の13か月要件との差分が整理される。 | G48: ログ保管設計・通知試験 | H48: 実機・運用確認 | I48: 137, 169, 170, 171, 207, 208 | J48: 46328 | K48: 46328 | L48: 0.5 | M48: 5.03,1.04 | N48: SE（氏名未定） | O48: SOC・セキュリティ担当 | P48: 未着手 | Q48: I01,G12 | R48: 実機検証 | T48: 日程変更 | U48: 区間容量検査を満たすよう作業窓を調整（旧10/30～11/02）
A49: 5.05 | B49: 5. 復旧・監視・運用 | C49: 紛失対応 | D49: Disable・再有効化 | E49: オンライン端末で無効化・再有効化を確認する。離線時と再接続後の挙動を区別し、反映時間を測る。リモート消去（管理コンソールからの初期化指示）が利用できるか、オンライン時／離線時の反映も確認する。 | F49: 各状態での利用可否が記録され、離線で即時制御できない範囲が明示される。 | G49: 無効化・再有効化試験 | H49: 実機試験 | I49: 横断・補足（個別対応は対応表） | J49: 46328 | K49: 46328 | L49: 0.25 | M49: 1.08,5.03 | N49: SE（氏名未定） | O49: 端末管理者 | P49: 未着手 | Q49: G13 | R49: 実機検証 | T49: 変更 | U49: リモート消去（管理コンソールからの初期化指示）の可否・反映を追加（工数据置）
A50: 5.06 | B50: 5. 復旧・監視・運用 | C50: 復旧・再配布 | D50: 初期化・再登録・換機相当の業務復帰 | E50: 証跡・必要データを退避し初期化後に再登録する。承認ポリシー、配布拡張、同期が許可された設定、クラウドデータ／VDIの再アクセスを確認し所要時間を記録する。原票のゴールデンイメージ・予備ハードウェアに相当する要素（設定のクラウド管理、再登録による復元、予備機の保管・貸出）も確認する。 | F50: 承認済み業務復帰目標を満たす。1分を既定基準とせず、端末再構築とクラウド原データ復元を分ける。F3・F8の根拠を兼ねる。 | G50: 初期化・再登録・復旧記録 | H50: 実機試験 | I50: 3, 8、ほか横断・補足（個別対応は対応表） | J50: 46328 | K50: 46330 | L50: 0.5 | M50: 5.01,5.05 | N50: SE（氏名未定） | O50: 端末管理者 | P50: 未着手 | Q50: G09,G13,G17 | R50: 実機検証 | T50: 変更 | U50: F3（ゴールデンイメージ）・F8（予備ハードウェア）の主対応に変更
A51: 5.07a | B51: 5. 復旧・監視・運用 | C51: インシデント対応 | D51: 既存インシデント対応手順・演習記録の回収（37項目） | E51: 既存のインシデント対応計画・連絡体制・演習記録を責任者から早期に回収し、37項目の原件を確認する。回収した範囲から評価項目対応表へ反映し、不足は5.07bで確認するChromebook固有手順と併せて整理する。全社演習は新設しない。 | F51: 37項目に既存手順の根拠と責任者があり、不足が一覧化されている。 | G51: 既存IR手順・演習記録一覧・不足一覧 | H51: 既存手順の確認 | I51: 180, 181, 182, 183, 184, 185, 186, 187, 189, 190, 191, 192, 193, 194, 195, 197, 198, 200, 201, 204, 205, 206, 209, 212, 213, 214, 215, 216, 217, 218, 219, 220, 221, 222, 225, 226, 228 | J51: 46304 | K51: 46325 | L51: 0.15 | M51: 1.02 | N51: SE（氏名未定） | O51: SOC・セキュリティ・業務担当 | P51: 未着手 | Q51: I01 | R51: 既存証跡を活用 | T51: 分割 | U51: 旧5.07（37項目）の既存手順回収を前倒し（10/9開始）
A52: 5.07b | B52: 5. 復旧・監視・運用 | C52: インシデント対応 | D52: Chromebook固有のIR手順適用確認 | E52: 2.07・5.05・5.06の結果を用い、連絡先・端末無効化・アカウント停止／セッション処置・消去前の証跡保全・復旧判断のChromebook固有の変更点と担当を、既存手順への追記事項として確認する。Disable／初期化だけで全体の対応能力を満たすとしない。 | F52: Chromebook特有の変更点と担当が明確である。 | G52: 適用確認メモ・不足一覧（Chromebook固有） | H52: 既存手順の確認 | I52: 副：180, 183, 186, 197, 212, 213, 216, 217, 218, 219, 228 | J52: 46330 | K52: 46330 | L52: 0.1 | M52: 2.07,5.04,5.06,5.07a | N52: SE（氏名未定） | O52: SOC・セキュリティ・業務担当 | P52: 未着手 | Q52: I01,G13 | R52: 既存証跡を活用 | T52: 分割 | U52: Chromebook固有の変更点確認を後半に分離（0.10人日）
A53: 5.08 | B53: 5. 復旧・監視・運用 | C53: 運用・教育 | D53: 既存制度の証跡確認 | E53: 教育、アプリ承認、棚卸し、委託先、事故報告等は既存規程・実績の該当箇所を引用する。PoC用に同じ文書を作り直さず、不足部分だけ責任者と確認する。 | F53: 各対象項目に有効な証跡と責任者がある。新規作成が必要な部分は課題化する。 | G53: 運用規程・実施記録・不足一覧 | H53: 運用確認 | I53: 116, 117, 135, 90, 93, 111, 112, 11, 12, 14, 15, 16, 17, 18, 19, 20, 21, 175, 13, 230, 231, 211, 210 | J53: 46304 | K53: 46331 | L53: 0.5 | M53: 1.02 | N53: SE（氏名未定） | O53: 各運用責任者・人事・法務 | P53: 未着手 | Q53: I01 | R53: 計画・評価・運用 | T53: 日程変更 | U53: 区間容量検査を満たすよう作業窓を調整（旧10/09～11/04）
A54: 6.01 | B54: 6. 一次評価・是正・承認 | C54: 評価取りまとめ | D54: O～X記入・証跡連携 | E54: 試験完了ごとにO～X転記用シートのR～U列を記入する。O・P・V～Xは評価項目対応から自動表示され、Qは原票の公式を維持する。完了後に原票O～Xへ値貼り付けする（O～PとR～Xの2回に分ける）。Tに証跡名、Uに制約・代替策・未検証を記載する。 | F54: 対象全行に説明があり、元の成熟度値を今回の実績として流用していない。転記用シートのチェック列が全行OKである。 | G54: 一次評価記入案（O～X転記用シート） | H54: 資料作成 | I54: 横断・補足（個別対応は対応表） | J54: 46310 | K54: 46332 | L54: 1.25 | M54: 1.02,1.03 | N54: SE（氏名未定） | O54: 各回答者 | P54: 未着手 | Q54: I01,I02 | R54: 計画・評価・運用 | T54: 変更 | U54: O～X転記用シートの利用を前提に1.50→1.25人日。実績が合わなければ戻す
A55: 6.03 | B55: 6. 一次評価・是正・承認 | C55: 是正 | D55: 課題整理・代替策・リスク判断 | E55: NG、未検証、機能不足、対象外理由未承認を整理する。対応担当、期限、追加契約、導入条件を設定する。 | F55: 導入前必須対応と導入後対応が分離され、残余リスクの判断者がいる。 | G55: 課題・リスク・是正計画 | H55: レビュー | I55: 横断・補足（個別対応は対応表） | J55: 46332 | K55: 46332 | L55: 0.75 | M55: 6.01,5.07b,5.08 | N55: SE（氏名未定） | O55: セキュリティ・業務責任者 | P55: 未着手 | Q55: I01 | R55: 計画・評価・運用 | T55: 日程変更 | U55: 旧6.02の廃止に伴い依存を6.01・5.07b・5.08へ変更
A56: 6.04 | B56: 6. 一次評価・是正・承認 | C56: 是正 | D56: 必要時の是正・再試験 | E56: PoCで見つかった設定不備を修正し、影響範囲のみ再試験する。追加契約・新規基盤構築・重大課題は別計画とし、未解決の場合は提出・導入判断の日程を見直す。 | F56: 是正済み項目に再試験証跡があり、未解決項目に判断が付いている。 | G56: 再試験記録・更新課題台帳 | H56: 必要時のみ実機 | I56: 横断・補足（個別対応は対応表） | J56: 46332 | K56: 46335 | L56: 0 | M56: 6.03 | N56: SE（氏名未定） | O56: 関係システム担当 | P56: 未着手 | Q56: I01 | R56: 条件付き実施 | S56: 0.75 | T56: 日程変更 | U56: 区間容量検査を満たすよう作業窓を調整（旧11/05～11/06）
A57: 6.05 | B57: 6. 一次評価・是正・承認 | C57: 報告 | D57: 導入評価・本番構成案 | E57: 適合状況、未達、ライセンス、運用工数、業務影響をまとめる。大規模展開方式（手動登録／ゼロタッチ／販売店での事前設定）と初期ロットの受入手順を含め、可／条件付き可／不可の判断案を作成する。 | F57: 判断案が各評価項目と証跡に追跡できる。 | G57: 評価報告・本番構成案 | H57: 資料作成 | I57: 横断・補足（個別対応は対応表） | J57: 46335 | K57: 46335 | L57: 0.75 | M57: 6.03（6.04発生時は6.04） | N57: SE（氏名未定） | O57: 評価責任者 | P57: 未着手 | Q57: I01,G01 | R57: 計画・評価・運用 | T57: 変更 | U57: 大規模展開方式（手動／ゼロタッチ／販売店キッティング）と初期ロット受入を判断案に追加
A58: 6.06 | B58: 6. 一次評価・是正・承認 | C58: 承認 | D58: 内部レビュー・提出 | E58: 評価責任者が対象外、成熟度、証跡、残余リスクを確認する。転記用シートのチェック列（P・Q）が全行OKであること、原票側の既知不整合（N列エラー等）が記録されていることを最終確認し、レビュー指摘を反映して一次評価を提出する。 | F58: 担当部署・回答責任者・回答者を含む一次評価が承認・提出されている。 | G58: 承認済み一次評価・レビュー記録 | H58: レビュー | I58: 横断・補足（個別対応は対応表） | J58: 46335 | K58: 46336 | L58: 0.5 | M58: 6.05 | N58: SE（氏名未定） | O58: セキュリティ・承認者 | P58: 未着手 | Q58: I01 | R58: 計画・評価・運用 | T58: 変更 | U58: 転記用シートのチェック列（P・Q）と原票側の既知不整合を最終確認項目に追加（旧6.02終検を統合）
A59: 6.07 | B59: 6. 一次評価・是正・承認 | C59: 終了処理 | D59: 試験環境・本番移行引継ぎ | E59: テストアカウント・OAuth許可・ダミーデータを整理する。ライセンス期限、本番移行、必要時の登録解除を計画し、運用へ引き継ぐ。 | F59: 証跡を保持し、試験用権限・契約が放置されず、移行担当が明確である。 | G59: 終了確認・引継ぎ資料 | H59: 運用確認 | I59: 横断・補足（個別対応は対応表） | J59: 46336 | K59: 46336 | L59: 0.25 | M59: 6.06 | N59: SE（氏名未定） | O59: 端末・契約・運用担当 | P59: 未着手 | Q59: G13 | R59: 計画・評価・運用 | T59: 維持

Sheet 評価項目対応
A2: 評価項目と作業の対応（231項目）
A3: 全行は評価作業の割当案。原票O～Xへの転記前に適用性と根拠を確認し、必要な関連WBSも参照する。v3で主対応WBSを4.04a～d・5.07a・5.06へ再配分し、関連WBS（副）と担当部署／回答責任者／回答者（原票V～X）の列を追加した。黄色セルが入力欄。
A5: 原票行 | B5: 枝番号 | C5: CPG ID | D5: 原票チェック観点 | E5: 原票チェック内容 | F5: 主対応WBS | G5: 評価方法（案） | H5: Chromebookでの確認方針（案） | I5: 適用性（確認用） | J5: 担当部署（原票V列） | K5: 証跡・試験ID | L5: 判断理由・未解決事項 | M5: 関連WBS（副） | N5: 回答責任者（原票W列） | O5: 回答者（原票X列） | P5: 担当役割（候補・主対応WBSの協力先）
A6: 3 | B6: 119 | C6: 1.A | D6: 資産管理と構成管理 | E6: 組織が包括的な資産管理アプローチを持っていることを確認する。 | F6: 3.08 | G6: 実機・運用確認 | H6: 端末登録に加え、アプリ・データ・重要業務・依存関係・台帳保護を確認する。 | I6: 未確定 | P6: =IFERROR(INDEX(WBS!$O$6:$O$59,MATCH($F6,WBS!$A$6:$A$59,0)),"") -> 資産管理担当
A7: 4 | B7: 120 | C7: 1.A | D7: 資産管理と構成管理 | E7: 組織のITアセット、論理的（データ、ソフトウェアなど）および物理的（ ハードウェアなど）の在庫を把握する。 | F7: 3.08 | G7: 実機・運用確認 | H7: 端末登録に加え、アプリ・データ・重要業務・依存関係・台帳保護を確認する。 | I7: 未確定 | P7: =IFERROR(INDEX(WBS!$O$6:$O$59,MATCH($F7,WBS!$A$6:$A$59,0)),"") -> 資産管理担当
A8: 5 | B8: 121 | C8: 1.A | D8: 資産管理と構成管理 | E8: 健康と安全、収益創出、またはその他の重要なサービスにとって最も重要 なデータまたはシステムを把握し、関連する相互依存関係を理解する。 | F8: 3.08 | G8: 実機・運用確認 | H8: 重要業務・データ・接続先の依存関係と復旧優先順位を整理する。企業登録のみでは本項目を満たさない。 | I8: 未確定 | P8: =IFERROR(INDEX(WBS!$O$6:$O$59,MATCH($F8,WBS!$A$6:$A$59,0)),"") -> 資産管理担当
A9: 6 | B9: 122 | C9: 1.A | D9: 資産管理と構成管理 | E9: セキュリティ制御または保護措置をクリティカルアセットに適用する。 | F9: 3.08 | G9: 実機・運用確認 | H9: 端末登録に加え、アプリ・データ・重要業務・依存関係・台帳保護を確認する。 | I9: 未確定 | P9: =IFERROR(INDEX(WBS!$O$6:$O$59,MATCH($F9,WBS!$A$6:$A$59,0)),"") -> 資産管理担当
A10: 7 | B10: 153 | C10: 1.E | D10: データセンター管理 | E10: データセンターが定期的にパッチが適用されていることを確認する。重大 な脆弱性のパッチは、できるだけ早く適用する。 | F10: 4.04a | G10: 既存証跡・境界確認 | H10: 原票の「データセンター」表記は原文のDC（Domain Controller）の訳。ADドメインコントローラーの設定・パッチ・監視の既存証跡を担当者から受領する。ChromeOS利用だけで対象外にしない。 | I10: 未確定 | P10: =IFERROR(INDEX(WBS!$O$6:$O$59,MATCH($F10,WBS!$A$6:$A$59,0)),"") -> AD／Windows管理者
A11: 8 | B11: 36 | C11: 1.E | D11: IaCの利用と管理 | E11: IaCテンプレートを展開する前に、静的セキュリティスキャンツールでテ ストする。 | F11: 1.02 | G11: 構成依存の確認 | H11: IaC利用の有無を関連クラウドも含めて確認する。未使用なら範囲と理由を記載する。 | I11: 未確定 | P11: =IFERROR(INDEX(WBS!$O$6:$O$59,MATCH($F11,WBS!$A$6:$A$59,0)),"") -> 各システム管理者・セキュリティ担当
A12: 9 | B12: 37 | C12: 1.E | D12: IaCの利用と管理 | E12: 静的セキュリティスキャンツールで設定ミスとセキュリティギャップを特 定する。 | F12: 1.02 | G12: 構成依存の確認 | H12: IaC利用の有無を関連クラウドも含めて確認する。未使用なら範囲と理由を記載する。 | I12: 未確定 | P12: =IFERROR(INDEX(WBS!$O$6:$O$59,MATCH($F12,WBS!$A$6:$A$59,0)),"") -> 各システム管理者・セキュリティ担当
A13: 10 | B13: 4 | C13: 1.E | D13: IaCの利用と管理 | E13: インフラストラクチャをコード（IaC）を使用してクラウドリソースを展 開および更新する。 | F13: 1.02 | G13: 構成依存の確認 | H13: IaC利用の有無を関連クラウドも含めて確認する。未使用なら範囲と理由を記載する。 | I13: 未確定 | P13: =IFERROR(INDEX(WBS!$O$6:$O$59,MATCH($F13,WBS!$A$6:$A$59,0)),"") -> 各システム管理者・セキュリティ担当
A14: 11 | B14: 5 | C14: 1.E | D14: IaCの利用と管理 | E14: IaCのテンプレートファイルのバックアップをオフラインで保管する。 | F14: 1.02 | G14: 構成依存の確認 | H14: IaC利用の有無を関連クラウドも含めて確認する。未使用なら範囲と理由を記載する。 | I14: 未確定 | P14: =IFERROR(INDEX(WBS!$O$6:$O$59,MATCH($F14,WBS!$A$6:$A$59,0)),"") -> 各システム管理者・セキュリティ担当
A15: 12 | B15: 6 | C15: 1.E | D15: IaCの利用と管理 | E15: ヒューマンエラーの削減のためのIaCコードはバージョン管理する。 | F15: 1.02 | G15: 構成依存の確認 | H15: IaC利用の有無を関連クラウドも含めて確認する。未使用なら範囲と理由を記載する。 | I15: 未確定 | P15: =IFERROR(INDEX(WBS!$O$6:$O$59,MATCH($F15,WBS!$A$6:$A$59,0)),"") -> 各システム管理者・セキュリティ担当
A16: 13 | B16: 7 | C16: 1.E | D16: IaCの利用と管理 | E16: IaCのテンプレートへの変更を監査する。 | F16: 1.02 | G16: 構成依存の確認 | H16: IaC利用の有無を関連クラウドも含めて確認する。未使用なら範囲と理由を記載する。 | I16: 未確定 | P16: =IFERROR(INDEX(WBS!$O$6:$O$59,MATCH($F16,WBS!$A$6:$A$59,0)),"") -> 各システム管理者・セキュリティ担当
A17: 14 | B17: 39 | C17: 1.E | D17: 構成ドリフトのチェッ ク | E17: テンプレート展開の外で変更または導入されたリソースを特定するために 、構成ドリフト（期待された状態からの乖離）を定期的にチェックする。 | F17: 3.08 | G17: 実機・運用確認 | H17: Google管理ポリシーの承認基線と実効値、変更履歴、差分検出・復元を確認する。 | I17: 未確定 | P17: =IFERROR(INDEX(WBS!$O$6:$O$59,MATCH($F17,WBS!$A$6:$A$59,0)),"") -> 資産管理担当
... A60: 57 | B60: 49 | C60: 2.G | D60: VPN管理 | E60: VPNを最新のソフトウェアパッチとセキュリティ設定で更新する。 | F60: 3.07 | G60: 仕様・運用確認 | H60: ChromeOSと接続先・ネットワーク製品を分けて脆弱性・更新運用を確認する。 | I60: 未確定 | P60: =IFERROR(INDEX(WBS!$O$6:$O$59,MATCH($F60,WBS!$A$6:$A$59,0)),"") -> セキュリティ担当
A61: 58 | B61: 83 | C61: 2.G | D61: アカウント管理 | E61: 一定回数のログイン失敗後にアカウントをロックアウトするポリシーを実 施する。 | F61: 2.05 | G61: 実機・仕様確認 | H61: 認証情報保護、保存制限、認証失敗監視を原要求と比較する。非対応機能は代替策と差分を記録する。 端末側のログ・上報（Chromeイベント、システムログ、端末上の失敗ログイン）の確認（5.03）も根拠にする。 | I61: 未確定 | M61: 5.03 | P61: =IFERROR(INDEX(WBS!$O$6:$O$59,MATCH($F61,WBS!$A$6:$A$59,0)),"") -> IdP管理者・SOC
A62: 59 | B62: 84 | C62: 2.G | D62: アカウント管理 | E62: ブルートフォースパスワードクラッキングとパスワードスプレーのための ログイン試行をログに記録し監視する。 | F62: 2.05 | G62: 実機・仕様確認 | H62: 認証情報保護、保存制限、認証失敗監視を原要求と比較する。非対応機能は代替策と差分を記録する。 端末側のログ・上報（Chromeイベント、システムログ、端末上の失敗ログイン）の確認（5.03）も根拠にする。 | I62: 未確定 | M62: 5.03 | P62: =IFERROR(INDEX(WBS!$O$6:$O$59,MATCH($F62,WBS!$A$6:$A$59,0)),"") -> IdP管理者・SOC
A63: 60 | B63: 50 | C63: 2.G | D63: ネットワーク管理 | E63: ネットワークインフラデバイスを最新のソフトウェアパッチとセキュリテ ィ設定で更新する。 | F63: 3.07 | G63: 仕様・運用確認 | H63: ChromeOSと接続先・ネットワーク製品を分けて脆弱性・更新運用を確認する。 | I63: 未確定 | P63: =IFERROR(INDEX(WBS!$O$6:$O$59,MATCH($F63,WBS!$A$6:$A$59,0)),"") -> セキュリティ担当
A64: 61 | B64: 51 | C64: 2.G | D64: リモート環境管理 | E64: リモートワーク環境へのアクセスに使用されるデバイスを最新のソフトウ ェアパッチとセキュリティ設定で更新する。 | F64: 3.07 | G64: 仕様・運用確認 | H64: ChromeOSと接続先・ネットワーク製品を分けて脆弱性・更新運用を確認する。 | I64: 未確定 | P64: =IFERROR(INDEX(WBS!$O$6:$O$59,MATCH($F64,WBS!$A$6:$A$59,0)),"") -> セキュリティ担当
A65: 62 | B65: 163 | C65: 2.G | D65: 認証管理 | E65: 可能であれば、NTLM と WDigest 認証を無効にするか制限することを検討 する。 （レガシーシステムのアップグレードやネットワークのセグメンテーショ ンの優先順位付けの基準としてそれらの使用を含める） | F65: 4.04b | G65: 既存証跡・境界確認 | H65: 接続先のSMB・NTLM・暗号化設定は既存証跡を受領する。ChromeOS側のSMBクライアント制御（共有マウント可否・NTLM・NetBIOS探索）は4.09で確認する。 本項目はChromebook側のSMB／NTLM／NetBIOS試験（4.09）も根拠にする。 | I65: 未確定 | M65: 4.09 | P65: =IFERROR(INDEX(WBS!$O$6:$O$59,MATCH($F65,WBS!$A$6:$A$59,0)),"") -> ファイルサーバー・ストレージ管理者
A66: 63 | B66: 165 | C66: 2.G | D66: 認証管理 | E66: NTLM を有効にする必要がある場合は、一部の NTLM リレー攻撃を防ぐた めに認証の拡張保護（EPA）を有効にする。 | F66: 4.04b | G66: 既存証跡・境界確認 | H66: 接続先のSMB・NTLM・暗号化設定は既存証跡を受領する。ChromeOS側のSMBクライアント制御（共有マウント可否・NTLM・NetBIOS探索）は4.09で確認する。 | I66: 未確定 | P66: =IFERROR(INDEX(WBS!$O$6:$O$59,MATCH($F66,WBS!$A$6:$A$59,0)),"") -> ファイルサーバー・ストレージ管理者
A67: 64 | B67: 166 | C67: 2.G | D67: 認証管理 | E67: ネットワーク全体で NTLMv2 応答のみが送信されるようにするために、NT LM 監査を有効にする。 | F67: 4.04b | G67: 既存証跡・境界確認 | H67: 接続先のSMB・NTLM・暗号化設定は既存証跡を受領する。ChromeOS側のSMBクライアント制御（共有マウント可否・NTLM・NetBIOS探索）は4.09で確認する。 | I67: 未確定 | P67: =IFERROR(INDEX(WBS!$O$6:$O$59,MATCH($F67,WBS!$A$6:$A$59,0)),"") -> ファイルサーバー・ストレージ管理者
A68: 65 | B68: 167 | C68: 2.G | D68: 認証管理 | E68: 可能であれば、LM および NTLM 応答が拒否されるように対策を講じる。 | F68: 4.04b | G68: 既存証跡・境界確認 | H68: 接続先のSMB・NTLM・暗号化設定は既存証跡を受領する。ChromeOS側のSMBクライアント制御（共有マウント可否・NTLM・NetBIOS探索）は4.09で確認する。 本項目はChromebook側のSMB／NTLM／NetBIOS試験（4.09）も根拠にする。 | I68: 未確定 | M68: 4.09 | P68: =IFERROR(INDEX(WBS!$O$6:$O$59,MATCH($F68,WBS!$A$6:$A$59,0)),"") -> ファイルサーバー・ストレージ管理者
A69: 66 | B69: 72 | C69: 2.H | D69: MFAの適用 | E69: すべてのサービスにフィッシング耐性のある多要素認証を実装する。 | F69: 2.03 | G69: 実機・仕様確認 | H69: 第2要素の有無だけでなく採用方式のフィッシング耐性を確認する。端末のPIN解除とオンラインMFAを区別する。 管理者のセキュリティキー必須化・管理コンソール保護（2.06）も根拠にする。 | I69: 未確定 | M69: 2.06 | P69: =IFERROR(INDEX(WBS!$O$6:$O$59,MATCH($F69,WBS!$A$6:$A$59,0)),"") -> IdP管理者
A70: 67 | B70: 73 | C70: 2.H | D70: MFAの適用 | E70: 多要素認証を許可しないシステム、多要素認証を強制しないシステム、多 要素認証に登録されていないユーザーを発見した場合、上級管理職にエス カレーションする。 | F70: 2.03 | G70: 実機・仕様確認 | H70: オンライン認証、抗フィッシング方式、未登録・例外の管理、復旧経路を確認する。 管理者のセキュリティキー必須化・管理コンソール保護（2.06）も根拠にする。 | I70: 未確定 | M70: 2.06 | P70: =IFERROR(INDEX(WBS!$O$6:$O$59,MATCH($F70,WBS!$A$6:$A$59,0)),"") -> IdP管理者
A71: 68 | B71: 74 | C71: 2.H | D71: MFAの適用 | E71: パスワードを2つ以上の検証要素（指紋、顔認識、デバイスのPIN、暗号鍵 など）に置き換えるパスワードレス多要素認証の採用を検討する。 | F71: 2.03 | G71: 実機・仕様確認 | H71: オンライン認証、抗フィッシング方式、未登録・例外の管理、復旧経路を確認する。 管理者のセキュリティキー必須化・管理コンソール保護（2.06）も根拠にする。 | I71: 未確定 | M71: 2.06 | P71: =IFERROR(INDEX(WBS!$O$6:$O$59,MATCH($F71,WBS!$A$6:$A$59,0)),"") -> IdP管理者
A72: 69 | B72: 42 | C72: 2.H | D72: RDPの管理 | E72: RDPやその他のリモートデスクトップサービスの使用を制限する。 | F72: 4.04c | G72: 既存証跡・境界確認 | H72: VDI・RDP・リモート環境・RMM・公開サービスの既存証跡を受領する。端末側のリモートアクセス系ツール（拡張・Android・Chrome Remote Desktop）の制御は3.03／3.04で確認する。 端末側のリモートアクセス系ツール（拡張・PWA・Androidアプリ・Chrome Remote Desktop）の制御（3.03／3.04）も根拠にする。 | I72: 未確定 | M72: 3.03, 3.04 | P72: =IFERROR(INDEX(WBS!$O$6:$O$59,MATCH($F72,WBS!$A$6:$A$59,0)),"") -> VDI・リモートアクセス基盤担当
A73: 70 | B73: 43 | C73: 2.H | D73: RDPの管理 | E73: RDPが必要な場合は、ベストプラクティスを適用する。 | F73: 4.04c | G73: 既存証跡・境界確認 | H73: VDI・RDP・リモート環境・RMM・公開サービスの既存証跡を受領する。端末側のリモートアクセス系ツール（拡張・Android・Chrome Remote Desktop）の制御は3.03／3.04で確認する。 | I73: 未確定 | P73: =IFERROR(INDEX(WBS!$O$6:$O$59,MATCH($F73,WBS!$A$6:$A$59,0)),"") -> VDI・リモートアクセス基盤担当
A74: 71 | B74: 44 | C74: 2.H | D74: RDPの管理 | E74: ネットワーク上でRDPを使用しているシステムを監査する。 | F74: 4.04c | G74: 既存証跡・境界確認 | H74: VDI・RDP・リモート環境・RMM・公開サービスの既存証跡を受領する。端末側のリモートアクセス系ツール（拡張・Android・Chrome Remote Desktop）の制御は3.03／3.04で確認する。 | I74: 未確定 | P74: =IFERROR(INDEX(WBS!$O$6:$O$59,MATCH($F74,WBS!$A$6:$A$59,0)),"") -> VDI・リモートアクセス基盤担当
A75: 72 | B75: 45 | C75: 2.H | D75: RDPの管理 | E75: 使用されていないRDPポートを閉じる。 | F75: 4.04c | G75: 既存証跡・境界確認 | H75: VDI・RDP・リモート環境・RMM・公開サービスの既存証跡を受領する。端末側のリモートアクセス系ツール（拡張・Android・Chrome Remote Desktop）の制御は3.03／3.04で確認する。 | I75: 未確定 | P75: =IFERROR(INDEX(WBS!$O$6:$O$59,MATCH($F75,WBS!$A$6:$A$59,0)),"") -> VDI・リモートアクセス基盤担当
A76: 73 | B76: 46 | C76: 2.H | D76: RDPの管理 | E76: 指定回数のログイン試行後にアカウントロックアウトを強制する。 | F76: 4.04c | G76: 既存証跡・境界確認 | H76: VDI・RDP・リモート環境・RMM・公開サービスの既存証跡を受領する。端末側のリモートアクセス系ツール（拡張・Android・Chrome Remote Desktop）の制御は3.03／3.04で確認する。 | I76: 未確定 | P76: =IFERROR(INDEX(WBS!$O$6:$O$59,MATCH($F76,WBS!$A$6:$A$59,0)),"") -> VDI・リモートアクセス基盤担当
A77: 74 | B77: 47 | C77: 2.H | D77: RDPの管理 | E77: RDPに多要素認証（MFA）を適用する。 | F77: 4.04c | G77: 既存証跡・境界確認 | H77: VDI・RDP・リモート環境・RMM・公開サービスの既存証跡を受領する。端末側のリモートアクセス系ツール（拡張・Android・Chrome Remote Desktop）の制御は3.03／3.04で確認する。 | I77: 未確定 | P77: =IFERROR(INDEX(WBS!$O$6:$O$59,MATCH($F77,WBS!$A$6:$A$59,0)),"") -> VDI・リモートアクセス基盤担当
A78: 75 | B78: 48 | C78: 2.H | D78: RDPの管理 | E78: RDPログイン試行をログに記録する。 | F78: 4.04c | G78: 既存証跡・境界確認 | H78: VDI・RDP・リモート環境・RMM・公開サービスの既存証跡を受領する。端末側のリモートアクセス系ツール（拡張・Android・Chrome Remote Desktop）の制御は3.03／3.04で確認する。 | I78: 未確定 | P78: =IFERROR(INDEX(WBS!$O$6:$O$59,MATCH($F78,WBS!$A$6:$A$59,0)),"") -> VDI・リモートアクセス基盤担当
A79: 76 | B79: 54 | C79: 2.H | D79: SMB管理 | E79: Server Message Block（SMB）プロトコルバージョン1を無効にする。 | F79: 4.04b | G79: 既存証跡・境界確認 | H79: 接続先のSMB・NTLM・暗号化設定は既存証跡を受領する。ChromeOS側のSMBクライアント制御（共有マウント可否・NTLM・NetBIOS探索）は4.09で確認する。 | I79: 未確定 | P79: =IFERROR(INDEX(WBS!$O$6:$O$59,MATCH($F79,WBS!$A$6:$A$59,0)),"") -> ファイルサーバー・ストレージ管理者
A80: 77 | B80: 55 | C80: 2.H | D80: SMB管理 | E80: 既存の依存関係（既存のシステムやアプリケーション）を緩和した後、SM Bをバージョン3（SMBv3）にアップグレードする。 | F80: 4.04b | G80: 既存証跡・境界確認 | H80: 接続先のSMB・NTLM・暗号化設定は既存証跡を受領する。ChromeOS側のSMBクライアント制御（共有マウント可否・NTLM・NetBIOS探索）は4.09で確認する。 | I80: 未確定 | P80: =IFERROR(INDEX(WBS!$O$6:$O$59,MATCH($F80,WBS!$A$6:$A$59,0)),"") -> ファイルサーバー・ストレージ管理者
A81: 78 | B81: 56 | C81: 2.H | D81: SMB管理 | E81: 悪意のある攻撃者がSMBを使用して組織全体にマルウェアを拡散させるた め、以下のガイダンスを実装してSMBv3を強化する。 | F81: 4.04b | G81: 既存証跡・境界確認 | H81: 接続先のSMB・NTLM・暗号化設定は既存証跡を受領する。ChromeOS側のSMBクライアント制御（共有マウント可否・NTLM・NetBIOS探索）は4.09で確認する。 | I81: 未確定 | P81: =IFERROR(INDEX(WBS!$O$6:$O$59,MATCH($F81,WBS!$A$6:$A$59,0)),"") -> ファイルサーバー・ストレージ管理者
A82: 79 | B82: 57 | C82: 2.H | D82: SMB管理 | E82: SMBv3.1.1の使用を義務付ける。（このバージョンには、事前認証の整合 性、拡張AES暗号化、署名暗号化など、セキュリティ保護が強化されてい る） | F82: 4.04b | G82: 既存証跡・境界確認 | H82: 接続先のSMB・NTLM・暗号化設定は既存証跡を受領する。ChromeOS側のSMBクライアント制御（共有マウント可否・NTLM・NetBIOS探索）は4.09で確認する。 | I82: 未確定 | P82: =IFERROR(INDEX(WBS!$O$6:$O$59,MATCH($F82,WBS!$A$6:$A$59,0)),"") -> ファイルサーバー・ストレージ管理者
A83: 80 | B83: 58 | C83: 2.H | D83: SMB管理 | E83: 不要なSMB通信をブロックする。 | F83: 4.04b | G83: 既存証跡・境界確認 | H83: 接続先のSMB・NTLM・暗号化設定は既存証跡を受領する。ChromeOS側のSMBクライアント制御（共有マウント可否・NTLM・NetBIOS探索）は4.09で確認する。 本項目はChromebook側のSMB／NTLM／NetBIOS試験（4.09）も根拠にする。 | I83: 未確定 | M83: 4.09 | P83: =IFERROR(INDEX(WBS!$O$6:$O$59,MATCH($F83,WBS!$A$6:$A$59,0)),"") -> ファイルサーバー・ストレージ管理者
A84: 81 | B84: 59 | C84: 2.H | D84: SMB管理 | E84: 組織ネットワークとの間のSMBの外部アクセスを、インターネットのペリ メータファイアウォールでインバウンドとアウトバウンドのTCPポート445 をブロックすることでブロックする。 | F84: 4.04b | G84: 既存証跡・境界確認 | H84: 接続先のSMB・NTLM・暗号化設定は既存証跡を受領する。ChromeOS側のSMBクライアント制御（共有マウント可否・NTLM・NetBIOS探索）は4.09で確認する。 | I84: 未確定 | P84: =IFERROR(INDEX(WBS!$O$6:$O$59,MATCH($F84,WBS!$A$6:$A$59,0)),"") -> ファイルサーバー・ストレージ管理者
A85: 82 | B85: 60 | C85: 2.H | D85: SMB管理 | E85: TCPポート137、138、139をブロックする。 | F85: 4.04b | G85: 既存証跡・境界確認 | H85: 接続先のSMB・NTLM・暗号化設定は既存証跡を受領する。ChromeOS側のSMBクライアント制御（共有マウント可否・NTLM・NetBIOS探索）は4.09で確認する。 本項目はChromebook側のSMB／NTLM／NetBIOS試験（4.09）も根拠にする。 | I85: 未確定 | M85: 4.09 | P85: =IFERROR(INDEX(WBS!$O$6:$O$59,MATCH($F85,WBS!$A$6:$A$59,0)),"") -> ファイルサーバー・ストレージ管理者
A86: 83 | B86: 61 | C86: 2.H | D86: SMB管理 | E86: 可能な限りSMBv3に更新する。 （SMBv2以降ではNetBIOSデータグラムを使用しないため、SMBv2の使用を 継続しても大きなリスクはなく、必要に応じて使用できる。） | F86: 4.04b | G86: 既存証跡・境界確認 | H86: 接続先のSMB・NTLM・暗号化設定は既存証跡を受領する。ChromeOS側のSMBクライアント制御（共有マウント可否・NTLM・NetBIOS探索）は4.09で確認する。 | I86: 未確定 | P86: =IFERROR(INDEX(WBS!$O$6:$O$59,MATCH($F86,WBS!$A$6:$A$59,0)),"") -> ファイルサーバー・ストレージ管理者
A87: 84 | B87: 62 | C87: 2.H | D87: SMB管理 | E87: 内部SMB通信をブロックまたは制限して、通信が必要なシステム間でのみ 行われるようにする。 | F87: 4.04b | G87: 既存証跡・境界確認 | H87: 接続先のSMB・NTLM・暗号化設定は既存証跡を受領する。ChromeOS側のSMBクライアント制御（共有マウント可否・NTLM・NetBIOS探索）は4.09で確認する。 本項目はChromebook側のSMB／NTLM／NetBIOS試験（4.09）も根拠にする。 | I87: 未確定 | M87: 4.09 | P87: =IFERROR(INDEX(WBS!$O$6:$O$59,MATCH($F87,WBS!$A$6:$A$59,0)),"") -> ファイルサーバー・ストレージ管理者
A88: 85 | B88: 63 | C88: 2.H | D88: SMB管理 | E88: 悪意のある攻撃者が組織のMicrosoft Active Directoryドメインのメンバ ーでないシステムを検出してSMB経由の通信にアクセスするのを防ぐため に、横方向のSMB通信にKerberosベースのIPセキュリティ（IPsec）を要求 するようにMicrosoft WindowsおよびWindows Serverシステムを構成する 。 | F88: 4.04b | G88: 既存証跡・境界確認 | H88: 接続先のSMB・NTLM・暗号化設定は既存証跡を受領する。ChromeOS側のSMBクライアント制御（共有マウント可否・NTLM・NetBIOS探索）は4.09で確認する。 | I88: 未確定 | P88: =IFERROR(INDEX(WBS!$O$6:$O$59,MATCH($F88,WBS!$A$6:$A$59,0)),"") -> ファイルサーバー・ストレージ管理者
A89: 86 | B89: 64 | C89: 2.H | D89: SMB管理 | E89: ファイルまたは名前付きパイプのアプリケーションプログラミングインタ ーフェース（API）へのリモートアクセスが不要な場合は、Microsoft Win dowsおよびWindows ServerデバイスでSMBサーバーサービス（「サーバー 」）を無効にする。 | F89: 4.04b | G89: 既存証跡・境界確認 | H89: 接続先のSMB・NTLM・暗号化設定は既存証跡を受領する。ChromeOS側のSMBクライアント制御（共有マウント可否・NTLM・NetBIOS探索）は4.09で確認する。 | I89: 未確定 | P89: =IFERROR(INDEX(WBS!$O$6:$O$59,MATCH($F89,WBS!$A$6:$A$59,0)),"") -> ファイルサーバー・ストレージ管理者
A90: 87 | B90: 69 | C90: 2.H | D90: SMB管理 | E90: Microsoft Windows 10、Windows Server 2016 以降の OS は、SYSVOL お よび NETLOGON 共有を介した Microsoft Active Directory ドメインへの 接続に対して自動的に UNC をハードニングする。 | F90: 4.04b | G90: 既存証跡・境界確認 | H90: 接続先のSMB・NTLM・暗号化設定は既存証跡を受領する。ChromeOS側のSMBクライアント制御（共有マウント可否・NTLM・NetBIOS探索）は4.09で確認する。 | I90: 未確定 | P90: =IFERROR(INDEX(WBS!$O$6:$O$59,MATCH($F90,WBS!$A$6:$A$59,0)),"") -> ファイルサーバー・ストレージ管理者
A91: 88 | B91: 70 | C91: 2.H | D91: SMB管理 | E91: SMB over QUIC（Googl開発の高効率トランスポート層プロトコル）を使用 する。 | F91: 4.04b | G91: 既存証跡・境界確認 | H91: 接続先のSMB・NTLM・暗号化設定は既存証跡を受領する。ChromeOS側のSMBクライアント制御（共有マウント可否・NTLM・NetBIOS探索）は4.09で確認する。 | I91: 未確定 | P91: =IFERROR(INDEX(WBS!$O$6:$O$59,MATCH($F91,WBS!$A$6:$A$59,0)),"") -> ファイルサーバー・ストレージ管理者
A92: 89 | B92: 71 | C92: 2.H | D92: SMB管理 | E92: 潜在的に異常で有害な動作のフラグを立てるのに役立つ SMB トラフィッ クをログに記録して監視する。 | F92: 4.04b | G92: 既存証跡・境界確認 | H92: 接続先のSMB・NTLM・暗号化設定は既存証跡を受領する。ChromeOS側のSMBクライアント制御（共有マウント可否・NTLM・NetBIOS探索）は4.09で確認する。 | I92: 未確定 | P92: =IFERROR(INDEX(WBS!$O$6:$O$59,MATCH($F92,WBS!$A$6:$A$59,0)),"") -> ファイルサーバー・ストレージ管理者
A93: 90 | B93: 52 | C93: 2.H | D93: VPN管理 | E93: セキュリティを強化するために、すべてのVPN接続にMFAを実装する。 | F93: 4.03 | G93: 実機・運用確認 | H93: 会社・外部ネットワークの経路、VPN認証、DNS／FW制御と構成図の保管を確認する。 | I93: 未確定 | P93: =IFERROR(INDEX(WBS!$O$6:$O$59,MATCH($F93,WBS!$A$6:$A$59,0)),"") -> ネットワーク担当
A94: 91 | B94: 53 | C94: 2.H | D94: リモート環境管理 | E94: MFAが実装されていない場合は、在宅勤務者に15文字以上のパスワードの 使用を義務付ける。 | F94: 4.03 | G94: 実機・運用確認 | H94: 会社・外部ネットワークの経路、VPN認証、DNS／FW制御と構成図の保管を確認する。 | I94: 未確定 | P94: =IFERROR(INDEX(WBS!$O$6:$O$59,MATCH($F94,WBS!$A$6:$A$59,0)),"") -> ネットワーク担当
A95: 92 | B95: 65 | C95: 2.H | D95: 暗号化管理 | E95: SMB暗号化の要求を検討する。 | F95: 4.04b | G95: 既存証跡・境界確認 | H95: 接続先のSMB・NTLM・暗号化設定は既存証跡を受領する。ChromeOS側のSMBクライアント制御（共有マウント可否・NTLM・NetBIOS探索）は4.09で確認する。 | I95: 未確定 | P95: =IFERROR(INDEX(WBS!$O$6:$O$59,MATCH($F95,WBS!$A$6:$A$59,0)),"") -> ファイルサーバー・ストレージ管理者
A96: 93 | B96: 66 | C96: 2.H | D96: 暗号化管理 | E96: SMB3.1.1クライアントが常にSMB暗号化を使用することを保証するには、S MB1.0サーバーを無効にする。 （詳細については、MicrosoftのSMB security enhancements | Enable SM B Encryption and Reduced performance after SMB Encryption or SMB S igning is enabledを参照） | F96: 4.04b | G96: 既存証跡・境界確認 | H96: 接続先のSMB・NTLM・暗号化設定は既存証跡を受領する。ChromeOS側のSMBクライアント制御（共有マウント可否・NTLM・NetBIOS探索）は4.09で確認する。 | I96: 未確定 | P96: =IFERROR(INDEX(WBS!$O$6:$O$59,MATCH($F96,WBS!$A$6:$A$59,0)),"") -> ファイルサーバー・ストレージ管理者
A97: 94 | B97: 67 | C97: 2.H | D97: 暗号化管理 | E97: SMB暗号化が有効でない場合は、すべてのシステムでSMBクライアントとサ ーバーの両方にSMB署名を要求する。 | F97: 4.04b | G97: 既存証跡・境界確認 | H97: 接続先のSMB・NTLM・暗号化設定は既存証跡を受領する。ChromeOS側のSMBクライアント制御（共有マウント可否・NTLM・NetBIOS探索）は4.09で確認する。 | I97: 未確定 | P97: =IFERROR(INDEX(WBS!$O$6:$O$59,MATCH($F97,WBS!$A$6:$A$59,0)),"") -> ファイルサーバー・ストレージ管理者
A98: 95 | B98: 68 | C98: 2.H | D98: 暗号化管理 | E98: SMB署名により特定の中間者攻撃やパスザハッシュ攻撃を防ぐ。 | F98: 4.04b | G98: 既存証跡・境界確認 | H98: 接続先のSMB・NTLM・暗号化設定は既存証跡を受領する。ChromeOS側のSMBクライアント制御（共有マウント可否・NTLM・NetBIOS探索）は4.09で確認する。 | I98: 未確定 | P98: =IFERROR(INDEX(WBS!$O$6:$O$59,MATCH($F98,WBS!$A$6:$A$59,0)),"") -> ファイルサーバー・ストレージ管理者
A99: 96 | B99: 102 | C99: 2.I | D99: アンチマルウェアの運 用 | E99: アンチウイルスとアンチマルウェアソフトウェアとシグネチャの自動更新 を使用する。 | F99: 3.09 | G99: 仕様・代替策評価 | H99: 公式アーキテクチャ・既存対策により原要求との差分を説明する。実マルウェア試験は行わず、代替策は安全評価責任者の受容判断を得る。 | I99: 未確定 | P99: =IFERROR(INDEX(WBS!$O$6:$O$59,MATCH($F99,WBS!$A$6:$A$59,0)),"") -> セキュリティ担当・SOC
... A138: 135 | B138: 10 | C138: 2.R | D138: クラウドの運用管理 | E138: immutableストレージは、特定の規制に対するコンプライアンス基準を満 たさず、設定ミスが大幅なコストを課す可能性があるため、注意して使用 する。 | F138: 5.01 | G138: 既存証跡確認 | H138: 既存のデータ保護・復元記録を責任者から受領して評価する。端末の初期化後の再アクセスはデータ復元試験の代わりとしない。 | I138: 未確定 | P138: =IFERROR(INDEX(WBS!$O$6:$O$59,MATCH($F138,WBS!$A$6:$A$59,0)),"") -> データ所有者・バックアップ担当
A139: 136 | B139: 138 | C139: 2.R | D139: ストレージ保護 | E139: ランサムウェア攻撃で頻繁に標的にされるストレージリソース（オブジェ クトストレージ、データベースストレージ、ファイルストレージ、ブロッ クストレージなど）で、データが削除または上書きされるのを防ぐために 、削除保護またはオブジェクトロックを有効にする。 | F139: 5.01 | G139: 既存証跡確認 | H139: 既存のデータ保護・復元記録を責任者から受領して評価する。端末の初期化後の再アクセスはデータ復元試験の代わりとしない。 Driveの復元（5.02）とランサムウェア検知の適用範囲（1.04）も根拠にする。 | I139: 未確定 | M139: 5.02, 1.04 | P139: =IFERROR(INDEX(WBS!$O$6:$O$59,MATCH($F139,WBS!$A$6:$A$59,0)),"") -> データ所有者・バックアップ担当
A140: 137 | B140: 139 | C140: 2.R | D140: バージョン管理 | E140: 意図しない、または悪意のあるアクションからより簡単に復旧できるよう に、ストレージ内の複数のオブジェクトバリアントを保持するために、バ ージョン管理を有効にすることを検討する。 | F140: 5.01 | G140: 既存証跡確認 | H140: 既存のデータ保護・復元記録を責任者から受領して評価する。端末の初期化後の再アクセスはデータ復元試験の代わりとしない。 Driveの復元（5.02）とランサムウェア検知の適用範囲（1.04）も根拠にする。 | I140: 未確定 | M140: 5.02, 1.04 | P140: =IFERROR(INDEX(WBS!$O$6:$O$59,MATCH($F140,WBS!$A$6:$A$59,0)),"") -> データ所有者・バックアップ担当
A141: 138 | B141: 1 | C141: 2.R | D141: バックアップ | E141: 重要なデータのオフラインでの暗号化されたバックアップを維持する。 | F141: 5.01 | G141: 既存証跡確認 | H141: Drive同期・履歴と、オフラインの暗号化バックアップ要求を区別する。未達の場合は代替策と承認を記録する。 Driveの復元（5.02）とランサムウェア検知の適用範囲（1.04）も根拠にする。 | I141: 未確定 | M141: 5.02, 1.04 | P141: =IFERROR(INDEX(WBS!$O$6:$O$59,MATCH($F141,WBS!$A$6:$A$59,0)),"") -> データ所有者・バックアップ担当
A142: 139 | B142: 8 | C142: 2.R | D142: バックアップ | E142: プライマリシステムの再構築が望ましくない場合に備えて、システムを再 構築するためのバックアップハードウェアを保持する。 | F142: 5.06 | G142: 実機・運用確認 | H142: ChromeOSは設定がクラウド管理のため、初期化→再登録でポリシーが再配布される。再構築手順と所要時間（5.06）、予備機の保管・貸出、既存の保管資料（5.01）で確認する。 | I142: 未確定 | M142: 5.01 | P142: =IFERROR(INDEX(WBS!$O$6:$O$59,MATCH($F142,WBS!$A$6:$A$59,0)),"") -> 端末管理者
A143: 140 | B143: 9 | C143: 2.R | D143: バックアップ | E143: 同じベンダーのすべてのアカウントが影響を受けた場合に備えて、クラウ ド間のバックアップにベンダーロックインを回避するためにマルチクラウ ドソリューションの使用を検討する。 | F143: 5.01 | G143: 既存証跡確認 | H143: 既存のデータ保護・復元記録を責任者から受領して評価する。端末の初期化後の再アクセスはデータ復元試験の代わりとしない。 | I143: 未確定 | P143: =IFERROR(INDEX(WBS!$O$6:$O$59,MATCH($F143,WBS!$A$6:$A$59,0)),"") -> データ所有者・バックアップ担当
A144: 141 | B144: 136 | C144: 2.R | D144: バックアップ | E144: データを頻繁にバックアップする。オフラインまたはクラウド間バックア ップを活用する。 | F144: 5.01 | G144: 既存証跡確認 | H144: 既存のデータ保護・復元記録を責任者から受領して評価する。端末の初期化後の再アクセスはデータ復元試験の代わりとしない。 | I144: 未確定 | P144: =IFERROR(INDEX(WBS!$O$6:$O$59,MATCH($F144,WBS!$A$6:$A$59,0)),"") -> データ所有者・バックアップ担当
A145: 142 | B145: 3 | C145: 2.R | D145: バックアップ ゴールデンイメージ | E145: 重要なシステムの「ゴールデンイメージ」を維持し、定期的に更新する。 （これには、事前に設定されたオペレーティングシステム（OS）と関連す るソフトウェアアプリケーションを備えたイメージ「テンプレート」を維 持することが含まれる。これにより、仮想マシンやサーバーなどのシステ ムを迅速に再構築できる。） | F145: 5.06 | G145: 実機・運用確認 | H145: ChromeOSは設定がクラウド管理のため、初期化→再登録でポリシーが再配布される。再構築手順と所要時間（5.06）、予備機の保管・貸出、既存の保管資料（5.01）で確認する。 | I145: 未確定 | M145: 5.01 | P145: =IFERROR(INDEX(WBS!$O$6:$O$59,MATCH($F145,WBS!$A$6:$A$59,0)),"") -> 端末管理者
A146: 143 | B146: 2 | C146: 2.R | D146: 障害復旧 | E146: 障害復旧シナリオでバックアップの可用性と完全性を定期的にテストする 。 | F146: 5.02 | G146: 既存証跡優先・必要時追加 | H146: 5.01の既存復元証跡を先に評価する。証跡不足または保護方式・保存先変更時のみデータ管理担当が追加復元試験を実施する。 Driveランサムウェア検知・復元の適用範囲（1.04）も確認する。 | I146: 未確定 | M146: 1.04 | P146: =IFERROR(INDEX(WBS!$O$6:$O$59,MATCH($F146,WBS!$A$6:$A$59,0)),"") -> バックアップ担当
A147: 144 | B147: 11 | C147: 2.S | D147: インシデント対応 | E147: ランサムウェアとデータ流出インシデントの対応と通知手順を含む基本的 なサイバーインシデント対応計画と関連する通信計画を作成し維持する。 | F147: 5.08 | G147: 運用証跡確認 | H147: 社内の教育・IR・報告・承認・定期改善の規程と実績を確認する。未整備は課題化し適用除外しない。 | I147: 未確定 | P147: =IFERROR(INDEX(WBS!$O$6:$O$59,MATCH($F147,WBS!$A$6:$A$59,0)),"") -> 各運用責任者・人事・法務
A148: 145 | B148: 12 | C148: 2.S | D148: インシデント対応 | E148: インシデント対応計画と通信計画のハードコピーとオフラインバージョン を用意する。 | F148: 5.08 | G148: 運用証跡確認 | H148: 社内の教育・IR・報告・承認・定期改善の規程と実績を確認する。未整備は課題化し適用除外しない。 | I148: 未確定 | P148: =IFERROR(INDEX(WBS!$O$6:$O$59,MATCH($F148,WBS!$A$6:$A$59,0)),"") -> 各運用責任者・人事・法務
A149: 146 | B149: 14 | C149: 2.S | D149: インシデント対応 | E149: インシデント対応計画と通信計画がCEOまたはそれに相当する者によって 書面でレビューおよび承認されていることを確認する。 | F149: 5.08 | G149: 運用証跡確認 | H149: 社内の教育・IR・報告・承認・定期改善の規程と実績を確認する。未整備は課題化し適用除外しない。 | I149: 未確定 | P149: =IFERROR(INDEX(WBS!$O$6:$O$59,MATCH($F149,WBS!$A$6:$A$59,0)),"") -> 各運用責任者・人事・法務
A150: 147 | B150: 15 | C150: 2.S | D150: インシデント対応 | E150: インシデント対応計画と通信計画が指令系統全体でレビューおよび理解さ れていることを確認する。 | F150: 5.08 | G150: 運用証跡確認 | H150: 社内の教育・IR・報告・承認・定期改善の規程と実績を確認する。未整備は課題化し適用除外しない。 | I150: 未確定 | P150: =IFERROR(INDEX(WBS!$O$6:$O$59,MATCH($F150,WBS!$A$6:$A$59,0)),"") -> 各運用責任者・人事・法務
A151: 148 | B151: 16 | C151: 2.S | D151: インシデント対応 | E151: サイバーインシデント対応の体制を整える。 | F151: 5.08 | G151: 運用証跡確認 | H151: 社内の教育・IR・報告・承認・定期改善の規程と実績を確認する。未整備は課題化し適用除外しない。 | I151: 未確定 | P151: =IFERROR(INDEX(WBS!$O$6:$O$59,MATCH($F151,WBS!$A$6:$A$59,0)),"") -> 各運用責任者・人事・法務
A152: 149 | B152: 17 | C152: 2.S | D152: インシデント対応 | E152: サイバーインシデントのホールディングステートメント（状況がよく分か らない中での取り敢えずのコメントや、お詫びのステートメント（文章） を予め用意、細かい点まで説明する必要はない）を作成する。 | F152: 5.08 | G152: 運用証跡確認 | H152: 社内の教育・IR・報告・承認・定期改善の規程と実績を確認する。未整備は課題化し適用除外しない。 | I152: 未確定 | P152: =IFERROR(INDEX(WBS!$O$6:$O$59,MATCH($F152,WBS!$A$6:$A$59,0)),"") -> 各運用責任者・人事・法務
A153: 150 | B153: 18 | C153: 2.S | D153: インシデント対応 | E153: サイバーインシデント対応計画を策定するために、このガイドのランサム ウェア対応チェックリストなどの利用可能なインシデント対応ガイダンス を確認する。 | F153: 5.08 | G153: 運用証跡確認 | H153: 社内の教育・IR・報告・承認・定期改善の規程と実績を確認する。未整備は課題化し適用除外しない。 | I153: 未確定 | P153: =IFERROR(INDEX(WBS!$O$6:$O$59,MATCH($F153,WBS!$A$6:$A$59,0)),"") -> 各運用責任者・人事・法務
A154: 151 | B154: 19 | C154: 2.S | D154: インシデント対応 | E154: 通信計画（本来の通信方式へ依存できない状態での手順、チャネル、ガイ ドライン等）に、組織内およびパブリックとの情報共有のための組織的な コミュニケーション手順を含める。 | F154: 5.08 | G154: 運用証跡確認 | H154: 社内の教育・IR・報告・承認・定期改善の規程と実績を確認する。未整備は課題化し適用除外しない。 | I154: 未確定 | P154: =IFERROR(INDEX(WBS!$O$6:$O$59,MATCH($F154,WBS!$A$6:$A$59,0)),"") -> 各運用責任者・人事・法務
A155: 152 | B155: 20 | C155: 2.S | D155: インシデント対応 | E155: 通信計画に、サイバーインシデントホールディングステートメントのテン プレートを含める。 | F155: 5.08 | G155: 運用証跡確認 | H155: 社内の教育・IR・報告・承認・定期改善の規程と実績を確認する。未整備は課題化し適用除外しない。 | I155: 未確定 | P155: =IFERROR(INDEX(WBS!$O$6:$O$59,MATCH($F155,WBS!$A$6:$A$59,0)),"") -> 各運用責任者・人事・法務
A156: 153 | B156: 21 | C156: 2.S | D156: インシデント対応 | E156: 情報共有する詳細レベル、情報の流れ方について合意を得る。 | F156: 5.08 | G156: 運用証跡確認 | H156: 社内の教育・IR・報告・承認・定期改善の規程と実績を確認する。未整備は課題化し適用除外しない。 | I156: 未確定 | P156: =IFERROR(INDEX(WBS!$O$6:$O$59,MATCH($F156,WBS!$A$6:$A$59,0)),"") -> 各運用責任者・人事・法務
A157: 154 | B157: 175 | C157: 2.S | D157: プロセス改善 | E157: プロセスと手順が最新であり、セキュリティスタッフとエンドユーザーが 従うことができることを確認するために、定期的な評価を実施する。 | F157: 5.08 | G157: 運用証跡確認 | H157: 社内の教育・IR・報告・承認・定期改善の規程と実績を確認する。未整備は課題化し適用除外しない。 | I157: 未確定 | P157: =IFERROR(INDEX(WBS!$O$6:$O$59,MATCH($F157,WBS!$A$6:$A$59,0)),"") -> 各運用責任者・人事・法務
A158: 155 | B158: 140 | C158: 2.T | D158: API管理 | E158: クラウドへのカスタムプログラムによるアクセスを使用する場合、サポー トされている場合は、リクエスタの身元を確認し、転送中のデータを保護 し、リプレイ攻撃などの他の攻撃から保護するために、署名済みAPIリク エストを使用する。 | F158: 3.05 | G158: 構成・仕様確認 | H158: カスタムAPIの利用、認証・通信保護、権限を確認する。署名付きリクエストとOAuthを同一扱いしない。 | I158: 未確定 | P158: =IFERROR(INDEX(WBS!$O$6:$O$59,MATCH($F158,WBS!$A$6:$A$59,0)),"") -> Workspace管理者
... A163: 160 | B163: 151 | C163: 2.T | D163: PowerShellの管理 | E163: 「PowerShell Windows Event」ログと「PowerShell Operational」ログ、 両方のログで許可されるストレージサイズをできるだけ大きく設定する。 | F163: 4.04a | G163: 既存証跡・境界確認 | H163: Windows固有の要件（PowerShell、LSASS、資格情報保護等）。ChromeOS端末は非該当だが、接続先のAD／Windows環境に適用し得るため既存証跡を確認する。対象外にする場合は理由と承認者を記録する。 | I163: 未確定 | P163: =IFERROR(INDEX(WBS!$O$6:$O$59,MATCH($F163,WBS!$A$6:$A$59,0)),"") -> AD／Windows管理者
A164: 161 | B164: 141 | C164: 2.T | D164: RMM管理 | E164: ネットワーク上の承認済みリモートアクセスツール（RMM）を特定し、そ の使用状況を監視・制御する。 | F164: 4.04c | G164: 既存証跡・境界確認 | H164: VDI・RDP・リモート環境・RMM・公開サービスの既存証跡を受領する。端末側のリモートアクセス系ツール（拡張・Android・Chrome Remote Desktop）の制御は3.03／3.04で確認する。 端末側のリモートアクセス系ツール（拡張・PWA・Androidアプリ・Chrome Remote Desktop）の制御（3.03／3.04）も根拠にする。 | I164: 未確定 | M164: 3.03, 3.04 | P164: =IFERROR(INDEX(WBS!$O$6:$O$59,MATCH($F164,WBS!$A$6:$A$59,0)),"") -> VDI・リモートアクセス基盤担当
A165: 162 | B165: 110 | C165: 2.T | D165: アンチマルウェアの運 用 | E165: Windows Sysmonユーティリティを使用して、マルウェアファイルの作成を 監視およびブロックする。 （Sysmon 14以降では、FileBlockExecutable オプションを使用して、特定のハッシュ値に一致する悪意のある実行可能 ファイル、ダイナミックリンクライブラリ（DLL）ファイル、およびシス テムファイルの作成をブロックできる。） | F165: 4.04d | G165: 既存証跡・境界確認 | H165: 仮想化基盤、アプリ制御、アンチマルウェア運用、ツール使用調査、認証ログの既存証跡を担当者から受領し、ChromeOSで変わる点のみ補足する。 | I165: 未確定 | P165: =IFERROR(INDEX(WBS!$O$6:$O$59,MATCH($F165,WBS!$A$6:$A$59,0)),"") -> 仮想化基盤・セキュリティ運用担当
A166: 163 | B166: 190 | C166: 2.T | D166: フォレンジック | E166: 既存の組織の検知または防止システム（アンチウイルス、EDR、IDS、侵入 防止システムなど）とログを調査することで、攻撃の初期段階に関与した 追加のシステムやマルウェアの証拠を浮き彫りにすることができる。 | F166: 5.07a | G166: 既存手順・担当確認 | H166: 既存IR手順・演習記録の該当箇所とChromeOS／クラウドの役割を確認する。新規の全社演習は設けず、不足は責任者へ課題化する。 | I166: 未確定 | P166: =IFERROR(INDEX(WBS!$O$6:$O$59,MATCH($F166,WBS!$A$6:$A$59,0)),"") -> SOC・セキュリティ・業務担当
A167: 164 | B167: 191 | C167: 2.T | D167: フォレンジック | E167: Bumblebee、Dridex、Emotet、QakBot、Anchorなどの前兆となる「ドロッ パー」マルウェアの証拠を探す。 （ランサムウェアイベントは、以前の未解決のネットワーク侵害の証拠で ある可能性がある。） | F167: 5.07a | G167: 既存手順・担当確認 | H167: 既存IR手順・演習記録の該当箇所とChromeOS／クラウドの役割を確認する。新規の全社演習は設けず、不足は責任者へ課題化する。 | I167: 未確定 | P167: =IFERROR(INDEX(WBS!$O$6:$O$59,MATCH($F167,WBS!$A$6:$A$59,0)),"") -> SOC・セキュリティ・業務担当
A168: 165 | B168: 212 | C168: 2.T | D168: フォレンジック | E168: 初期の緩和措置が不可能な場合は、影響を受けたデバイスのサンプルのシ ステムイメージとメモリキャプチャを取得する。 | F168: 5.07a | G168: 既存手順・担当確認 | H168: 既存IR手順・演習記録の該当箇所とChromeOS／クラウドの役割を確認する。新規の全社演習は設けず、不足は責任者へ課題化する。 Chromebook固有の手順（端末無効化・アカウント停止・証跡保全）は5.07b（11/4）で確認する。 | I168: 未確定 | M168: 5.07b | P168: =IFERROR(INDEX(WBS!$O$6:$O$59,MATCH($F168,WBS!$A$6:$A$59,0)),"") -> SOC・セキュリティ・業務担当
A169: 166 | B169: 213 | C169: 2.T | D169: フォレンジック | E169: 消失や改ざんを防ぐために、高揮発性または保持期間が限られている証拠 を保全する。 | F169: 5.07a | G169: 既存手順・担当確認 | H169: 既存IR手順・演習記録の該当箇所とChromeOS／クラウドの役割を確認する。新規の全社演習は設けず、不足は責任者へ課題化する。 Chromebook固有の手順（端末無効化・アカウント停止・証跡保全）は5.07b（11/4）で確認する。 | I169: 未確定 | M169: 5.07b | P169: =IFERROR(INDEX(WBS!$O$6:$O$59,MATCH($F169,WBS!$A$6:$A$59,0)),"") -> SOC・セキュリティ・業務担当
A170: 167 | B170: 137 | C170: 2.T | D170: ログ管理 | E170: すべてのリソースでロギングを有効にし、異常な使用状況に対するアラー トを設定する。 | F170: 5.04 | G170: 実機・運用確認 | H170: ログ保管、監視、告知・自動対応の利用可能範囲を確認する。13か月保持要件は種類別に差分評価する。 端末側のログ・上報（Chromeイベント、システムログ、端末上の失敗ログイン）の確認（5.03）も根拠にする。 | I170: 未確定 | M170: 5.03 | P170: =IFERROR(INDEX(WBS!$O$6:$O$59,MATCH($F170,WBS!$A$6:$A$59,0)),"") -> SOC・セキュリティ担当
A171: 168 | B171: 169 | C171: 2.T | D171: ログ管理 | E171: サイバーセキュリティイベントのトリアージと修復をサポートするために 、ネットワークデバイス、ローカルホスト、クラウドサービスからのログ を適切に保護して保持する。 （ログを分析して、イベントの影響を判断し、インシデントが発生したか どうかを確認できる。） | F171: 5.04 | G171: 実機・運用確認 | H171: ログ保管、監視、告知・自動対応の利用可能範囲を確認する。13か月保持要件は種類別に差分評価する。 端末側のログ・上報（Chromeイベント、システムログ、端末上の失敗ログイン）の確認（5.03）も根拠にする。 | I171: 未確定 | M171: 5.03 | P171: =IFERROR(INDEX(WBS!$O$6:$O$59,MATCH($F171,WBS!$A$6:$A$59,0)),"") -> SOC・セキュリティ担当
A172: 169 | B172: 170 | C172: 2.T | D172: ログ管理 | E172: 可能であれば、重要なシステムのログを最低13カ月間保持してバックアッ プする。 | F172: 5.04 | G172: 実機・運用確認 | H172: 重要ログの13か月保持という原要求に対し、製品のログ種別別期間・外部保管・保護・検索を確認する。 端末側のログ・上報（Chromeイベント、システムログ、端末上の失敗ログイン）の確認（5.03）も根拠にする。 | I172: 未確定 | M172: 5.03 | P172: =IFERROR(INDEX(WBS!$O$6:$O$59,MATCH($F172,WBS!$A$6:$A$59,0)),"") -> SOC・セキュリティ担当
A173: 170 | B173: 171 | C173: 2.T | D173: ログ管理 | E173: セキュリティ情報とイベント管理ツールを使用して、一元化されたログ管 理をセットアップする。 （これにより、組織はネットワークとホストの両方のセキュリティデバイ スからのログを関連付けることができる。複数のソースからのログをレビ ューすることで、組織は個々のイベントをトリアージし、そのイベントが 組織に与える影響を判断できる。） | F173: 5.04 | G173: 実機・運用確認 | H173: ログ保管、監視、告知・自動対応の利用可能範囲を確認する。13か月保持要件は種類別に差分評価する。 端末側のログ・上報（Chromeイベント、システムログ、端末上の失敗ログイン）の確認（5.03）も根拠にする。 | I173: 未確定 | M173: 5.03 | P173: =IFERROR(INDEX(WBS!$O$6:$O$59,MATCH($F173,WBS!$A$6:$A$59,0)),"") -> SOC・セキュリティ担当
A174: 171 | B174: 226 | C174: 2.T | D174: 外部侵入調査 | E174: 外部からの侵入と内部からの侵入による永続化メカニズムを特定するため に、拡張分析を実施する。 | F174: 5.07a | G174: 既存手順・担当確認 | H174: 既存IR手順・演習記録の該当箇所とChromeOS／クラウドの役割を確認する。新規の全社演習は設けず、不足は責任者へ課題化する。 | I174: 未確定 | P174: =IFERROR(INDEX(WBS!$O$6:$O$59,MATCH($F174,WBS!$A$6:$A$59,0)),"") -> SOC・セキュリティ・業務担当
A175: 172 | B175: 192 | C175: 2.T | D175: 前兆マルウェア対策 | E175: （悪意のあるアクターは、多くの場合、ポスト侵害アクティビティを不明 瞭にするためにランサムウェアバリアントをドロップする。） バックアップから再構築する前に、このようなドロッパーマルウェアを特 定する。 | F175: 5.07a | G175: 既存手順・担当確認 | H175: 既存IR手順・演習記録の該当箇所とChromeOS／クラウドの役割を確認する。新規の全社演習は設けず、不足は責任者へ課題化する。 | I175: 未確定 | P175: =IFERROR(INDEX(WBS!$O$6:$O$59,MATCH($F175,WBS!$A$6:$A$59,0)),"") -> SOC・セキュリティ・業務担当
A176: 173 | B176: 96 | C176: 2.W | D176: ファイアウォール | E176: ファイアウォールで不審なIPアドレスをブロックする。 | F176: 4.03 | G176: 実機・運用確認 | H176: 会社・外部ネットワークの経路、VPN認証、DNS／FW制御と構成図の保管を確認する。 | I176: 未確定 | P176: =IFERROR(INDEX(WBS!$O$6:$O$59,MATCH($F176,WBS!$A$6:$A$59,0)),"") -> ネットワーク担当
A177: 174 | B177: 24 | C177: 2.W | D177: 公開サービス制御 | E177: リモートデスクトッププロトコル（RDP）などのサービスをWeb上に公開し ない。 | F177: 4.04c | G177: 既存証跡・境界確認 | H177: VDI・RDP・リモート環境・RMM・公開サービスの既存証跡を受領する。端末側のリモートアクセス系ツール（拡張・Android・Chrome Remote Desktop）の制御は3.03／3.04で確認する。 | I177: 未確定 | P177: =IFERROR(INDEX(WBS!$O$6:$O$59,MATCH($F177,WBS!$A$6:$A$59,0)),"") -> VDI・リモートアクセス基盤担当
A178: 175 | B178: 25 | C178: 2.W | D178: 公開サービス制御 | E178: これらのサービスを公開する必要がある場合は、一般的な悪用や悪用を防 ぐために適切な代償制御を適用する。 | F178: 4.04c | G178: 既存証跡・境界確認 | H178: VDI・RDP・リモート環境・RMM・公開サービスの既存証跡を受領する。端末側のリモートアクセス系ツール（拡張・Android・Chrome Remote Desktop）の制御は3.03／3.04で確認する。 | I178: 未確定 | P178: =IFERROR(INDEX(WBS!$O$6:$O$59,MATCH($F178,WBS!$A$6:$A$59,0)),"") -> VDI・リモートアクセス基盤担当
A179: 176 | B179: 26 | C179: 2.W | D179: 不要機能無効化 | E179: インターネットに接続されている資産では、すべての不要なOSアプリケー ションを無効にする。 | F179: 3.03 | G179: 実機・運用確認 | H179: 許可リスト・導入権限制限を確認する。Android／OAuthは3.04／3.05、EDR部分は3.09と併せて評価する。 | I179: 未確定 | P179: =IFERROR(INDEX(WBS!$O$6:$O$59,MATCH($F179,WBS!$A$6:$A$59,0)),"") -> Workspace管理者
A180: 177 | B180: 27 | C180: 2.W | D180: 不要機能無効化 | E180: インターネットに接続されている資産では、すべての不要なネットワーク プロトコルを無効にする。 | F180: 4.03 | G180: 実機・運用確認 | H180: 会社・外部ネットワークの経路、VPN認証、DNS／FW制御と構成図の保管を確認する。 | I180: 未確定 | P180: =IFERROR(INDEX(WBS!$O$6:$O$59,MATCH($F180,WBS!$A$6:$A$59,0)),"") -> ネットワーク担当
A181: 178 | B181: 38 | C181: 2.W | D181: 不要機能無効化 | E181: ビジネス目的で使用されていないポートやプロトコル（例：RDP - TCP ポ ート3389）を無効にする。 | F181: 4.04c | G181: 既存証跡・境界確認 | H181: VDI・RDP・リモート環境・RMM・公開サービスの既存証跡を受領する。端末側のリモートアクセス系ツール（拡張・Android・Chrome Remote Desktop）の制御は3.03／3.04で確認する。 | I181: 未確定 | P181: =IFERROR(INDEX(WBS!$O$6:$O$59,MATCH($F181,WBS!$A$6:$A$59,0)),"") -> VDI・リモートアクセス基盤担当
A182: 179 | B182: 160 | C182: 2.X | D182: データセンター管理 | E182: データセンターホストファイアウォールを設定して、インターネットアク セスを防止する。 | F182: 4.04a | G182: 既存証跡・境界確認 | H182: 原票の「データセンター」表記は原文のDC（Domain Controller）の訳。ADドメインコントローラーの設定・パッチ・監視の既存証跡を担当者から受領する。ChromeOS利用だけで対象外にしない。 | I182: 未確定 | P182: =IFERROR(INDEX(WBS!$O$6:$O$59,MATCH($F182,WBS!$A$6:$A$59,0)),"") -> AD／Windows管理者
A183: 180 | B183: 161 | C183: 2.X | D183: データセンター管理 | E183: データセンターはインターネットへ直接アクセスしない。 (インターネット接続のあるサーバーを使用して、DC にインターネットア クセスを許可する代わりに必要な更新を取得できる。) | F183: 4.04a | G183: 既存証跡・境界確認 | H183: 原票の「データセンター」表記は原文のDC（Domain Controller）の訳。ADドメインコントローラーの設定・パッチ・監視の既存証跡を担当者から受領する。ChromeOS利用だけで対象外にしない。 | I183: 未確定 | P183: =IFERROR(INDEX(WBS!$O$6:$O$59,MATCH($F183,WBS!$A$6:$A$59,0)),"") -> AD／Windows管理者
A184: 181 | B184: 142 | C184: 3.A | D184: RMM管理 | E184: 許可されたRMMソリューションはVPNやVDI経由での利用に限定し、未承認 のRMM接続は境界でブロックする。 | F184: 4.04c | G184: 既存証跡・境界確認 | H184: VDI・RDP・リモート環境・RMM・公開サービスの既存証跡を受領する。端末側のリモートアクセス系ツール（拡張・Android・Chrome Remote Desktop）の制御は3.03／3.04で確認する。 端末側のリモートアクセス系ツール（拡張・PWA・Androidアプリ・Chrome Remote Desktop）の制御（3.03／3.04）も根拠にする。 | I184: 未確定 | M184: 3.03, 3.04 | P184: =IFERROR(INDEX(WBS!$O$6:$O$59,MATCH($F184,WBS!$A$6:$A$59,0)),"") -> VDI・リモートアクセス基盤担当
A185: 182 | B185: 178 | C185: 3.A | D185: ブラウザ設定 | E185: ブラウジング中の追加の防御層として、ブラウザベースのAVを有効にして アクティブスキャンを行う。 | F185: 4.01 | G185: 仕様・実機確認 | H185: 原票の「ブラウザ型AVによる能動スキャン」は、ChromeOSではSafe Browsing（強化モード）、悪意あるダウンロードの遮断、警告回避の禁止で代替する。従来型AVとは機能が異なるため、同等ではなく「代替実装＋差異」として記録する。 | I185: 未確定 | P185: =IFERROR(INDEX(WBS!$O$6:$O$59,MATCH($F185,WBS!$A$6:$A$59,0)),"") -> セキュリティ担当
A186: 183 | B186: 174 | C186: 3.A | D186: ログ管理 | E186: 行動分析のために、特定または重要なアプリケーションに関連するアクテ ィビティのビジネストランザクションロギングの使用を検討する。 | F186: 3.09 | G186: 仕様・代替策評価 | H186: 公式アーキテクチャ・既存対策により原要求との差分を説明する。実マルウェア試験は行わず、代替策は安全評価責任者の受容判断を得る。 | I186: 未確定 | P186: =IFERROR(INDEX(WBS!$O$6:$O$59,MATCH($F186,WBS!$A$6:$A$59,0)),"") -> セキュリティ担当・SOC
...

Sheet O～X転記用
A2: O～X転記用（評価結果記入シート：グループ各社による一次評価記入欄の下書き）
A3: 入力：D4（会社名コード）と黄色のI～L列。F・G・M～O・R～T列は評価項目対応から自動表示（白）。H列は原票Qの式のプレビューで貼付不可（灰）。貼付手順：①F:G列を原票O:Pへ、②I:O列を原票R:Xへ（いずれも値貼り付け。Q列は原票の式を維持）。貼り付けると既存のR～Uは上書きされるため原票を複製してから行う。並べ替えはしない（原票と同じ行順が前提）。
A4: 会社名コード（必須）→ | E4: 原票O3は「AIS」、Sheet3等の記述は「ADS」。リスト定義の会社名コードから自社を確認して選択する。 | P4: 進捗 | Q4: =COUNTIF(Q7:Q237,"OK")&" / "&COUNTA(A7:A237)&" 行がOK" -> 0 / 231 行がOK
A5: 原票行 | B5: 枝番号 | C5: 主対応WBS | D5: 原票チェック観点 | E5: 原票チェック内容 | F5: 会社名 (原票O列) | G5: 評価要否 (原票P列) | H5: 実装運用状況 (原票Q列・貼付不可) | I5: 成熟度レベル (原票R列) | J5: 成熟度スコア (原票S列) | K5: 証跡名 (原票T列) | L5: 追加情報 (原票U列) | M5: 担当部署 (原票V列) | N5: 回答責任者 (原票W列) | O5: 回答者 (原票X列) | P5: 未記入数 | Q5: チェック | R5: 関連WBS（副） | S5: 確認方針（参考） | T5: 試験ID・判断理由（参考） | U5: 参照行（内部用） | V5: R基準点（内部用） | X5: 成熟度レベル（原票リスト定義） | Y5: スコア
A6: 記入例 | B6: — | C6: — | D6: （貼付対象外） | E6: 例：管理コンソールの許可リストで個人Gmailのログインを拒否する。 | F6: ADS | G6: 対象 | H6: No | I6: 整備ができている | J6: 3 | K6: 試験記録2.01（設定画面・拒否ログ） | L6: 許可リストを設定し、個人Gmailのログイン拒否を実機で確認。Linux環境は未検証のため制約として記載。 | M6: 端末管理者 | N6: （回答責任者名） | O6: （回答者名） | X6: 最適化できている | Y6: 5
A7: 3 | B7: =INDEX(評価項目対応!$B$6:$B$236,$U7) -> 119 | C7: =INDEX(評価項目対応!$F$6:$F$236,$U7) -> 3.08 | D7: =INDEX(評価項目対応!$D$6:$D$236,$U7) -> 資産管理と構成管理 | E7: =INDEX(評価項目対応!$E$6:$E$236,$U7) -> 組織が包括的な資産管理アプローチを持っていることを確認する。 | F7: =IF($D$4="","",$D$4) | G7: =IFERROR(IF(INDEX(評価項目対応!$I$6:$I$236,$U7)="対象","対象",IF(INDEX(評価項目対応!$I$6:$I$236,$U7)="対象外（承認済）","対象外",IF(INDEX(評価項目対応!$I$6:$I$236,$U7)="未確定","n/a",""))),"") -> n/a | H7: =IF(ISBLANK(J7),"",IF(J7=5,"Yes",IF(J7=4,"Yes","No"))) | M7: =IF(INDEX(評価項目対応!$J$6:$J$236,$U7)="","",INDEX(評価項目対応!$J$6:$J$236,$U7)) | N7: =IF(INDEX(評価項目対応!$N$6:$N$236,$U7)="","",INDEX(評価項目対応!$N$6:$N$236,$U7)) | O7: =IF(INDEX(評価項目対応!$O$6:$O$236,$U7)="","",INDEX(評価項目対応!$O$6:$O$236,$U7)) | P7: =COUNTIF(F7:G7,"")+COUNTIF(I7:O7,"")-IF(AND(G7="対象外",K7=""),1,0) -> 8 | Q7: =IF(F7="","会社名コード未設定（D4）",IF(OR(G7="",G7="n/a"),"適用性を確定（評価項目対応I列）",IF(AND(G7="対象外",OR(I7<>"対象外",J7<>"n/a")),"対象外ならR=対象外・S=n/a",IF(AND(G7="対象",OR(I7="対象外",J7="n/a")),"対象なのにR／Sが対象外・n/a",IF(AND(G7="対象",OR(I7="",J7="")),"R・Sを入力",IF(AND(ISNUMBER(J7),ISNUMBER(V7),ABS(N(J7)-N(V7))>=1),"RとSの乖離（案分ならUに明記）",IF(AND(G7="対象",L7=""),"Uに制約・代替策・未検証を記載",IF(AND(G7="対象外",L7=""),"対象外の理由・承認者をUに記載",IF(OR(M7="",N7="",O7=""),"V～Xを入力",IF(P7>0,"未記入あり（P列）","OK")))))))))) -> 会社名コード未設定（D4） | R7: =IF(INDEX(評価項目対応!$M$6:$M$236,$U7)="","",INDEX(評価項目対応!$M$6:$M$236,$U7)) | S7: =INDEX(評価項目対応!$H$6:$H$236,$U7) -> 端末登録に加え、アプリ・データ・重要業務・依存関係・台帳保護を確認する。 | T7: =TRIM(IF(INDEX(評価項目対応!$K$6:$K$236,$U7)="","","試験ID: "&INDEX(評価項目対応!$K$6:$K$236,$U7)&" ")&IF(INDEX(評価項目対応!$L$6:$L$236,$U7)="","","判断理由: "&INDEX(評価項目対応!$L$6:$L$236,$U7))) | U7: =MATCH($A7,評価項目対応!$A$6:$A$236,0) -> 1 | V7: =IFERROR(VLOOKUP(I7,$X$6:$Y$11,2,FALSE()),"") | X7: 態勢が完備している | Y7: 4
A8: 4 | B8: =INDEX(評価項目対応!$B$6:$B$236,$U8) -> 120 | C8: =INDEX(評価項目対応!$F$6:$F$236,$U8) -> 3.08 | D8: =INDEX(評価項目対応!$D$6:$D$236,$U8) -> 資産管理と構成管理 | E8: =INDEX(評価項目対応!$E$6:$E$236,$U8) -> 組織のITアセット、論理的（データ、ソフトウェアなど）および物理的（ ハードウェアなど）の在庫を把握する。 | F8: =IF($D$4="","",$D$4) | G8: =IFERROR(IF(INDEX(評価項目対応!$I$6:$I$236,$U8)="対象","対象",IF(INDEX(評価項目対応!$I$6:$I$236,$U8)="対象外（承認済）","対象外",IF(INDEX(評価項目対応!$I$6:$I$236,$U8)="未確定","n/a",""))),"") -> n/a | H8: =IF(ISBLANK(J8),"",IF(J8=5,"Yes",IF(J8=4,"Yes","No"))) | M8: =IF(INDEX(評価項目対応!$J$6:$J$236,$U8)="","",INDEX(評価項目対応!$J$6:$J$236,$U8)) | N8: =IF(INDEX(評価項目対応!$N$6:$N$236,$U8)="","",INDEX(評価項目対応!$N$6:$N$236,$U8)) | O8: =IF(INDEX(評価項目対応!$O$6:$O$236,$U8)="","",INDEX(評価項目対応!$O$6:$O$236,$U8)) | P8: =COUNTIF(F8:G8,"")+COUNTIF(I8:O8,"")-IF(AND(G8="対象外",K8=""),1,0) -> 8 | Q8: =IF(F8="","会社名コード未設定（D4）",IF(OR(G8="",G8="n/a"),"適用性を確定（評価項目対応I列）",IF(AND(G8="対象外",OR(I8<>"対象外",J8<>"n/a")),"対象外ならR=対象外・S=n/a",IF(AND(G8="対象",OR(I8="対象外",J8="n/a")),"対象なのにR／Sが対象外・n/a",IF(AND(G8="対象",OR(I8="",J8="")),"R・Sを入力",IF(AND(ISNUMBER(J8),ISNUMBER(V8),ABS(N(J8)-N(V8))>=1),"RとSの乖離（案分ならUに明記）",IF(AND(G8="対象",L8=""),"Uに制約・代替策・未検証を記載",IF(AND(G8="対象外",L8=""),"対象外の理由・承認者をUに記載",IF(OR(M8="",N8="",O8=""),"V～Xを入力",IF(P8>0,"未記入あり（P列）","OK")))))))))) -> 会社名コード未設定（D4） | R8: =IF(INDEX(評価項目対応!$M$6:$M$236,$U8)="","",INDEX(評価項目対応!$M$6:$M$236,$U8)) | S8: =INDEX(評価項目対応!$H$6:$H$236,$U8) -> 端末登録に加え、アプリ・データ・重要業務・依存関係・台帳保護を確認する。 | T8: =TRIM(IF(INDEX(評価項目対応!$K$6:$K$236,$U8)="","","試験ID: "&INDEX(評価項目対応!$K$6:$K$236,$U8)&" ")&IF(INDEX(評価項目対応!$L$6:$L$236,$U8)="","","判断理由: "&INDEX(評価項目対応!$L$6:$L$236,$U8))) | U8: =MATCH($A8,評価項目対応!$A$6:$A$236,0) -> 2 | V8: =IFERROR(VLOOKUP(I8,$X$6:$Y$11,2,FALSE()),"") | X8: 整備ができている | Y8: 3
A9: 5 | B9: =INDEX(評価項目対応!$B$6:$B$236,$U9) -> 121 | C9: =INDEX(評価項目対応!$F$6:$F$236,$U9) -> 3.08 | D9: =INDEX(評価項目対応!$D$6:$D$236,$U9) -> 資産管理と構成管理 | E9: =INDEX(評価項目対応!$E$6:$E$236,$U9) -> 健康と安全、収益創出、またはその他の重要なサービスにとって最も重要 なデータまたはシステムを把握し、関連する相互依存関係を理解する。 | F9: =IF($D$4="","",$D$4) | G9: =IFERROR(IF(INDEX(評価項目対応!$I$6:$I$236,$U9)="対象","対象",IF(INDEX(評価項目対応!$I$6:$I$236,$U9)="対象外（承認済）","対象外",IF(INDEX(評価項目対応!$I$6:$I$236,$U9)="未確定","n/a",""))),"") -> n/a | H9: =IF(ISBLANK(J9),"",IF(J9=5,"Yes",IF(J9=4,"Yes","No"))) | M9: =IF(INDEX(評価項目対応!$J$6:$J$236,$U9)="","",INDEX(評価項目対応!$J$6:$J$236,$U9)) | N9: =IF(INDEX(評価項目対応!$N$6:$N$236,$U9)="","",INDEX(評価項目対応!$N$6:$N$236,$U9)) | O9: =IF(INDEX(評価項目対応!$O$6:$O$236,$U9)="","",INDEX(評価項目対応!$O$6:$O$236,$U9)) | P9: =COUNTIF(F9:G9,"")+COUNTIF(I9:O9,"")-IF(AND(G9="対象外",K9=""),1,0) -> 8 | Q9: =IF(F9="","会社名コード未設定（D4）",IF(OR(G9="",G9="n/a"),"適用性を確定（評価項目対応I列）",IF(AND(G9="対象外",OR(I9<>"対象外",J9<>"n/a")),"対象外ならR=対象外・S=n/a",IF(AND(G9="対象",OR(I9="対象外",J9="n/a")),"対象なのにR／Sが対象外・n/a",IF(AND(G9="対象",OR(I9="",J9="")),"R・Sを入力",IF(AND(ISNUMBER(J9),ISNUMBER(V9),ABS(N(J9)-N(V9))>=1),"RとSの乖離（案分ならUに明記）",IF(AND(G9="対象",L9=""),"Uに制約・代替策・未検証を記載",IF(AND(G9="対象外",L9=""),"対象外の理由・承認者をUに記載",IF(OR(M9="",N9="",O9=""),"V～Xを入力",IF(P9>0,"未記入あり（P列）","OK")))))))))) -> 会社名コード未設定（D4） | R9: =IF(INDEX(評価項目対応!$M$6:$M$236,$U9)="","",INDEX(評価項目対応!$M$6:$M$236,$U9)) | S9: =INDEX(評価項目対応!$H$6:$H$236,$U9) -> 重要業務・データ・接続先の依存関係と復旧優先順位を整理する。企業登録のみでは本項目を満たさない。 | T9: =TRIM(IF(INDEX(評価項目対応!$K$6:$K$236,$U9)="","","試験ID: "&INDEX(評価項目対応!$K$6:$K$236,$U9)&" ")&IF(INDEX(評価項目対応!$L$6:$L$236,$U9)="","","判断理由: "&INDEX(評価項目対応!$L$6:$L$236,$U9))) | U9: =MATCH($A9,評価項目対応!$A$6:$A$236,0) -> 3 | V9: =IFERROR(VLOOKUP(I9,$X$6:$Y$11,2,FALSE()),"") | X9: 初期対応ができている | Y9: 2
A10: 6 | B10: =INDEX(評価項目対応!$B$6:$B$236,$U10) -> 122 | C10: =INDEX(評価項目対応!$F$6:$F$236,$U10) -> 3.08 | D10: =INDEX(評価項目対応!$D$6:$D$236,$U10) -> 資産管理と構成管理 | E10: =INDEX(評価項目対応!$E$6:$E$236,$U10) -> セキュリティ制御または保護措置をクリティカルアセットに適用する。 | F10: =IF($D$4="","",$D$4) | G10: =IFERROR(IF(INDEX(評価項目対応!$I$6:$I$236,$U10)="対象","対象",IF(INDEX(評価項目対応!$I$6:$I$236,$U10)="対象外（承認済）","対象外",IF(INDEX(評価項目対応!$I$6:$I$236,$U10)="未確定","n/a",""))),"") -> n/a | H10: =IF(ISBLANK(J10),"",IF(J10=5,"Yes",IF(J10=4,"Yes","No"))) | M10: =IF(INDEX(評価項目対応!$J$6:$J$236,$U10)="","",INDEX(評価項目対応!$J$6:$J$236,$U10)) | N10: =IF(INDEX(評価項目対応!$N$6:$N$236,$U10)="","",INDEX(評価項目対応!$N$6:$N$236,$U10)) | O10: =IF(INDEX(評価項目対応!$O$6:$O$236,$U10)="","",INDEX(評価項目対応!$O$6:$O$236,$U10)) | P10: =COUNTIF(F10:G10,"")+COUNTIF(I10:O10,"")-IF(AND(G10="対象外",K10=""),1,0) -> 8 | Q10: =IF(F10="","会社名コード未設定（D4）",IF(OR(G10="",G10="n/a"),"適用性を確定（評価項目対応I列）",IF(AND(G10="対象外",OR(I10<>"対象外",J10<>"n/a")),"対象外ならR=対象外・S=n/a",IF(AND(G10="対象",OR(I10="対象外",J10="n/a")),"対象なのにR／Sが対象外・n/a",IF(AND(G10="対象",OR(I10="",J10="")),"R・Sを入力",IF(AND(ISNUMBER(J10),ISNUMBER(V10),ABS(N(J10)-N(V10))>=1),"RとSの乖離（案分ならUに明記）",IF(AND(G10="対象",L10=""),"Uに制約・代替策・未検証を記載",IF(AND(G10="対象外",L10=""),"対象外の理由・承認者をUに記載",IF(OR(M10="",N10="",O10=""),"V～Xを入力",IF(P10>0,"未記入あり（P列）","OK")))))))))) -> 会社名コード未設定（D4） | R10: =IF(INDEX(評価項目対応!$M$6:$M$236,$U10)="","",INDEX(評価項目対応!$M$6:$M$236,$U10)) | S10: =INDEX(評価項目対応!$H$6:$H$236,$U10) -> 端末登録に加え、アプリ・データ・重要業務・依存関係・台帳保護を確認する。 | T10: =TRIM(IF(INDEX(評価項目対応!$K$6:$K$236,$U10)="","","試験ID: "&INDEX(評価項目対応!$K$6:$K$236,$U10)&" ")&IF(INDEX(評価項目対応!$L$6:$L$236,$U10)="","","判断理由: "&INDEX(評価項目対応!$L$6:$L$236,$U10))) | U10: =MATCH($A10,評価項目対応!$A$6:$A$236,0) -> 4 | V10: =IFERROR(VLOOKUP(I10,$X$6:$Y$11,2,FALSE()),"") | X10: 未対応 | Y10: 1
A11: 7 | B11: =INDEX(評価項目対応!$B$6:$B$236,$U11) -> 153 | C11: =INDEX(評価項目対応!$F$6:$F$236,$U11) -> 4.04a | D11: =INDEX(評価項目対応!$D$6:$D$236,$U11) -> データセンター管理 | E11: =INDEX(評価項目対応!$E$6:$E$236,$U11) -> データセンターが定期的にパッチが適用されていることを確認する。重大 な脆弱性のパッチは、できるだけ早く適用する。 | F11: =IF($D$4="","",$D$4) | G11: =IFERROR(IF(INDEX(評価項目対応!$I$6:$I$236,$U11)="対象","対象",IF(INDEX(評価項目対応!$I$6:$I$236,$U11)="対象外（承認済）","対象外",IF(INDEX(評価項目対応!$I$6:$I$236,$U11)="未確定","n/a",""))),"") -> n/a | H11: =IF(ISBLANK(J11),"",IF(J11=5,"Yes",IF(J11=4,"Yes","No"))) | M11: =IF(INDEX(評価項目対応!$J$6:$J$236,$U11)="","",INDEX(評価項目対応!$J$6:$J$236,$U11)) | N11: =IF(INDEX(評価項目対応!$N$6:$N$236,$U11)="","",INDEX(評価項目対応!$N$6:$N$236,$U11)) | O11: =IF(INDEX(評価項目対応!$O$6:$O$236,$U11)="","",INDEX(評価項目対応!$O$6:$O$236,$U11)) | P11: =COUNTIF(F11:G11,"")+COUNTIF(I11:O11,"")-IF(AND(G11="対象外",K11=""),1,0) -> 8 | Q11: =IF(F11="","会社名コード未設定（D4）",IF(OR(G11="",G11="n/a"),"適用性を確定（評価項目対応I列）",IF(AND(G11="対象外",OR(I11<>"対象外",J11<>"n/a")),"対象外ならR=対象外・S=n/a",IF(AND(G11="対象",OR(I11="対象外",J11="n/a")),"対象なのにR／Sが対象外・n/a",IF(AND(G11="対象",OR(I11="",J11="")),"R・Sを入力",IF(AND(ISNUMBER(J11),ISNUMBER(V11),ABS(N(J11)-N(V11))>=1),"RとSの乖離（案分ならUに明記）",IF(AND(G11="対象",L11=""),"Uに制約・代替策・未検証を記載",IF(AND(G11="対象外",L11=""),"対象外の理由・承認者をUに記載",IF(OR(M11="",N11="",O11=""),"V～Xを入力",IF(P11>0,"未記入あり（P列）","OK")))))))))) -> 会社名コード未設定（D4） | R11: =IF(INDEX(評価項目対応!$M$6:$M$236,$U11)="","",INDEX(評価項目対応!$M$6:$M$236,$U11)) | S11: =INDEX(評価項目対応!$H$6:$H$236,$U11) -> 原票の「データセンター」表記は原文のDC（Domain Controller）の訳。ADドメインコントローラーの設定・パッチ・監視の既存証跡を担当者から受領する。ChromeOS利用だけで対象外にしない。 | T11: =TRIM(IF(INDEX(評価項目対応!$K$6:$K$236,$U11)="","","試験ID: "&INDEX(評価項目対応!$K$6:$K$236,$U11)&" ")&IF(INDEX(評価項目対応!$L$6:$L$236,$U11)="","","判断理由: "&INDEX(評価項目対応!$L$6:$L$236,$U11))) | U11: =MATCH($A11,評価項目対応!$A$6:$A$236,0) -> 5 | V11: =IFERROR(VLOOKUP(I11,$X$6:$Y$11,2,FALSE()),"") | X11: 対象外 | Y11: n/a
A12: 8 | B12: =INDEX(評価項目対応!$B$6:$B$236,$U12) -> 36 | C12: =INDEX(評価項目対応!$F$6:$F$236,$U12) -> 1.02 | D12: =INDEX(評価項目対応!$D$6:$D$236,$U12) -> IaCの利用と管理 | E12: =INDEX(評価項目対応!$E$6:$E$236,$U12) -> IaCテンプレートを展開する前に、静的セキュリティスキャンツールでテ ストする。 | F12: =IF($D$4="","",$D$4) | G12: =IFERROR(IF(INDEX(評価項目対応!$I$6:$I$236,$U12)="対象","対象",IF(INDEX(評価項目対応!$I$6:$I$236,$U12)="対象外（承認済）","対象外",IF(INDEX(評価項目対応!$I$6:$I$236,$U12)="未確定","n/a",""))),"") -> n/a | H12: =IF(ISBLANK(J12),"",IF(J12=5,"Yes",IF(J12=4,"Yes","No"))) | M12: =IF(INDEX(評価項目対応!$J$6:$J$236,$U12)="","",INDEX(評価項目対応!$J$6:$J$236,$U12)) | N12: =IF(INDEX(評価項目対応!$N$6:$N$236,$U12)="","",INDEX(評価項目対応!$N$6:$N$236,$U12)) | O12: =IF(INDEX(評価項目対応!$O$6:$O$236,$U12)="","",INDEX(評価項目対応!$O$6:$O$236,$U12)) | P12: =COUNTIF(F12:G12,"")+COUNTIF(I12:O12,"")-IF(AND(G12="対象外",K12=""),1,0) -> 8 | Q12: =IF(F12="","会社名コード未設定（D4）",IF(OR(G12="",G12="n/a"),"適用性を確定（評価項目対応I列）",IF(AND(G12="対象外",OR(I12<>"対象外",J12<>"n/a")),"対象外ならR=対象外・S=n/a",IF(AND(G12="対象",OR(I12="対象外",J12="n/a")),"対象なのにR／Sが対象外・n/a",IF(AND(G12="対象",OR(I12="",J12="")),"R・Sを入力",IF(AND(ISNUMBER(J12),ISNUMBER(V12),ABS(N(J12)-N(V12))>=1),"RとSの乖離（案分ならUに明記）",IF(AND(G12="対象",L12=""),"Uに制約・代替策・未検証を記載",IF(AND(G12="対象外",L12=""),"対象外の理由・承認者をUに記載",IF(OR(M12="",N12="",O12=""),"V～Xを入力",IF(P12>0,"未記入あり（P列）","OK")))))))))) -> 会社名コード未設定（D4） | R12: =IF(INDEX(評価項目対応!$M$6:$M$236,$U12)="","",INDEX(評価項目対応!$M$6:$M$236,$U12)) | S12: =INDEX(評価項目対応!$H$6:$H$236,$U12) -> IaC利用の有無を関連クラウドも含めて確認する。未使用なら範囲と理由を記載する。 | T12: =TRIM(IF(INDEX(評価項目対応!$K$6:$K$236,$U12)="","","試験ID: "&INDEX(評価項目対応!$K$6:$K$236,$U12)&" ")&IF(INDEX(評価項目対応!$L$6:$L$236,$U12)="","","判断理由: "&INDEX(評価項目対応!$L$6:$L$236,$U12))) | U12: =MATCH($A12,評価項目対応!$A$6:$A$236,0) -> 6 | V12: =IFERROR(VLOOKUP(I12,$X$6:$Y$11,2,FALSE()),"")
A13: 9 | B13: =INDEX(評価項目対応!$B$6:$B$236,$U13) -> 37 | C13: =INDEX(評価項目対応!$F$6:$F$236,$U13) -> 1.02 | D13: =INDEX(評価項目対応!$D$6:$D$236,$U13) -> IaCの利用と管理 | E13: =INDEX(評価項目対応!$E$6:$E$236,$U13) -> 静的セキュリティスキャンツールで設定ミスとセキュリティギャップを特 定する。 | F13: =IF($D$4="","",$D$4) | G13: =IFERROR(IF(INDEX(評価項目対応!$I$6:$I$236,$U13)="対象","対象",IF(INDEX(評価項目対応!$I$6:$I$236,$U13)="対象外（承認済）","対象外",IF(INDEX(評価項目対応!$I$6:$I$236,$U13)="未確定","n/a",""))),"") -> n/a | H13: =IF(ISBLANK(J13),"",IF(J13=5,"Yes",IF(J13=4,"Yes","No"))) | M13: =IF(INDEX(評価項目対応!$J$6:$J$236,$U13)="","",INDEX(評価項目対応!$J$6:$J$236,$U13)) | N13: =IF(INDEX(評価項目対応!$N$6:$N$236,$U13)="","",INDEX(評価項目対応!$N$6:$N$236,$U13)) | O13: =IF(INDEX(評価項目対応!$O$6:$O$236,$U13)="","",INDEX(評価項目対応!$O$6:$O$236,$U13)) | P13: =COUNTIF(F13:G13,"")+COUNTIF(I13:O13,"")-IF(AND(G13="対象外",K13=""),1,0) -> 8 | Q13: =IF(F13="","会社名コード未設定（D4）",IF(OR(G13="",G13="n/a"),"適用性を確定（評価項目対応I列）",IF(AND(G13="対象外",OR(I13<>"対象外",J13<>"n/a")),"対象外ならR=対象外・S=n/a",IF(AND(G13="対象",OR(I13="対象外",J13="n/a")),"対象なのにR／Sが対象外・n/a",IF(AND(G13="対象",OR(I13="",J13="")),"R・Sを入力",IF(AND(ISNUMBER(J13),ISNUMBER(V13),ABS(N(J13)-N(V13))>=1),"RとSの乖離（案分ならUに明記）",IF(AND(G13="対象",L13=""),"Uに制約・代替策・未検証を記載",IF(AND(G13="対象外",L13=""),"対象外の理由・承認者をUに記載",IF(OR(M13="",N13="",O13=""),"V～Xを入力",IF(P13>0,"未記入あり（P列）","OK")))))))))) -> 会社名コード未設定（D4） | R13: =IF(INDEX(評価項目対応!$M$6:$M$236,$U13)="","",INDEX(評価項目対応!$M$6:$M$236,$U13)) | S13: =INDEX(評価項目対応!$H$6:$H$236,$U13) -> IaC利用の有無を関連クラウドも含めて確認する。未使用なら範囲と理由を記載する。 | T13: =TRIM(IF(INDEX(評価項目対応!$K$6:$K$236,$U13)="","","試験ID: "&INDEX(評価項目対応!$K$6:$K$236,$U13)&" ")&IF(INDEX(評価項目対応!$L$6:$L$236,$U13)="","","判断理由: "&INDEX(評価項目対応!$L$6:$L$236,$U13))) | U13: =MATCH($A13,評価項目対応!$A$6:$A$236,0) -> 7 | V13: =IFERROR(VLOOKUP(I13,$X$6:$Y$11,2,FALSE()),"")
A14: 10 | B14: =INDEX(評価項目対応!$B$6:$B$236,$U14) -> 4 | C14: =INDEX(評価項目対応!$F$6:$F$236,$U14) -> 1.02 | D14: =INDEX(評価項目対応!$D$6:$D$236,$U14) -> IaCの利用と管理 | E14: =INDEX(評価項目対応!$E$6:$E$236,$U14) -> インフラストラクチャをコード（IaC）を使用してクラウドリソースを展 開および更新する。 | F14: =IF($D$4="","",$D$4) | G14: =IFERROR(IF(INDEX(評価項目対応!$I$6:$I$236,$U14)="対象","対象",IF(INDEX(評価項目対応!$I$6:$I$236,$U14)="対象外（承認済）","対象外",IF(INDEX(評価項目対応!$I$6:$I$236,$U14)="未確定","n/a",""))),"") -> n/a | H14: =IF(ISBLANK(J14),"",IF(J14=5,"Yes",IF(J14=4,"Yes","No"))) | M14: =IF(INDEX(評価項目対応!$J$6:$J$236,$U14)="","",INDEX(評価項目対応!$J$6:$J$236,$U14)) | N14: =IF(INDEX(評価項目対応!$N$6:$N$236,$U14)="","",INDEX(評価項目対応!$N$6:$N$236,$U14)) | O14: =IF(INDEX(評価項目対応!$O$6:$O$236,$U14)="","",INDEX(評価項目対応!$O$6:$O$236,$U14)) | P14: =COUNTIF(F14:G14,"")+COUNTIF(I14:O14,"")-IF(AND(G14="対象外",K14=""),1,0) -> 8 | Q14: =IF(F14="","会社名コード未設定（D4）",IF(OR(G14="",G14="n/a"),"適用性を確定（評価項目対応I列）",IF(AND(G14="対象外",OR(I14<>"対象外",J14<>"n/a")),"対象外ならR=対象外・S=n/a",IF(AND(G14="対象",OR(I14="対象外",J14="n/a")),"対象なのにR／Sが対象外・n/a",IF(AND(G14="対象",OR(I14="",J14="")),"R・Sを入力",IF(AND(ISNUMBER(J14),ISNUMBER(V14),ABS(N(J14)-N(V14))>=1),"RとSの乖離（案分ならUに明記）",IF(AND(G14="対象",L14=""),"Uに制約・代替策・未検証を記載",IF(AND(G14="対象外",L14=""),"対象外の理由・承認者をUに記載",IF(OR(M14="",N14="",O14=""),"V～Xを入力",IF(P14>0,"未記入あり（P列）","OK")))))))))) -> 会社名コード未設定（D4） | R14: =IF(INDEX(評価項目対応!$M$6:$M$236,$U14)="","",INDEX(評価項目対応!$M$6:$M$236,$U14)) | S14: =INDEX(評価項目対応!$H$6:$H$236,$U14) -> IaC利用の有無を関連クラウドも含めて確認する。未使用なら範囲と理由を記載する。 | T14: =TRIM(IF(INDEX(評価項目対応!$K$6:$K$236,$U14)="","","試験ID: "&INDEX(評価項目対応!$K$6:$K$236,$U14)&" ")&IF(INDEX(評価項目対応!$L$6:$L$236,$U14)="","","判断理由: "&INDEX(評価項目対応!$L$6:$L$236,$U14))) | U14: =MATCH($A14,評価項目対応!$A$6:$A$236,0) -> 8 | V14: =IFERROR(VLOOKUP(I14,$X$6:$Y$11,2,FALSE()),"")
A15: 11 | B15: =INDEX(評価項目対応!$B$6:$B$236,$U15) -> 5 | C15: =INDEX(評価項目対応!$F$6:$F$236,$U15) -> 1.02 | D15: =INDEX(評価項目対応!$D$6:$D$236,$U15) -> IaCの利用と管理 | E15: =INDEX(評価項目対応!$E$6:$E$236,$U15) -> IaCのテンプレートファイルのバックアップをオフラインで保管する。 | F15: =IF($D$4="","",$D$4) | G15: =IFERROR(IF(INDEX(評価項目対応!$I$6:$I$236,$U15)="対象","対象",IF(INDEX(評価項目対応!$I$6:$I$236,$U15)="対象外（承認済）","対象外",IF(INDEX(評価項目対応!$I$6:$I$236,$U15)="未確定","n/a",""))),"") -> n/a | H15: =IF(ISBLANK(J15),"",IF(J15=5,"Yes",IF(J15=4,"Yes","No"))) | M15: =IF(INDEX(評価項目対応!$J$6:$J$236,$U15)="","",INDEX(評価項目対応!$J$6:$J$236,$U15)) | N15: =IF(INDEX(評価項目対応!$N$6:$N$236,$U15)="","",INDEX(評価項目対応!$N$6:$N$236,$U15)) | O15: =IF(INDEX(評価項目対応!$O$6:$O$236,$U15)="","",INDEX(評価項目対応!$O$6:$O$236,$U15)) | P15: =COUNTIF(F15:G15,"")+COUNTIF(I15:O15,"")-IF(AND(G15="対象外",K15=""),1,0) -> 8 | Q15: =IF(F15="","会社名コード未設定（D4）",IF(OR(G15="",G15="n/a"),"適用性を確定（評価項目対応I列）",IF(AND(G15="対象外",OR(I15<>"対象外",J15<>"n/a")),"対象外ならR=対象外・S=n/a",IF(AND(G15="対象",OR(I15="対象外",J15="n/a")),"対象なのにR／Sが対象外・n/a",IF(AND(G15="対象",OR(I15="",J15="")),"R・Sを入力",IF(AND(ISNUMBER(J15),ISNUMBER(V15),ABS(N(J15)-N(V15))>=1),"RとSの乖離（案分ならUに明記）",IF(AND(G15="対象",L15=""),"Uに制約・代替策・未検証を記載",IF(AND(G15="対象外",L15=""),"対象外の理由・承認者をUに記載",IF(OR(M15="",N15="",O15=""),"V～Xを入力",IF(P15>0,"未記入あり（P列）","OK")))))))))) -> 会社名コード未設定（D4） | R15: =IF(INDEX(評価項目対応!$M$6:$M$236,$U15)="","",INDEX(評価項目対応!$M$6:$M$236,$U15)) | S15: =INDEX(評価項目対応!$H$6:$H$236,$U15) -> IaC利用の有無を関連クラウドも含めて確認する。未使用なら範囲と理由を記載する。 | T15: =TRIM(IF(INDEX(評価項目対応!$K$6:$K$236,$U15)="","","試験ID: "&INDEX(評価項目対応!$K$6:$K$236,$U15)&" ")&IF(INDEX(評価項目対応!$L$6:$L$236,$U15)="","","判断理由: "&INDEX(評価項目対応!$L$6:$L$236,$U15))) | U15: =MATCH($A15,評価項目対応!$A$6:$A$236,0) -> 9 | V15: =IFERROR(VLOOKUP(I15,$X$6:$Y$11,2,FALSE()),"")
A16: 12 | B16: =INDEX(評価項目対応!$B$6:$B$236,$U16) -> 6 | C16: =INDEX(評価項目対応!$F$6:$F$236,$U16) -> 1.02 | D16: =INDEX(評価項目対応!$D$6:$D$236,$U16) -> IaCの利用と管理 | E16: =INDEX(評価項目対応!$E$6:$E$236,$U16) -> ヒューマンエラーの削減のためのIaCコードはバージョン管理する。 | F16: =IF($D$4="","",$D$4) | G16: =IFERROR(IF(INDEX(評価項目対応!$I$6:$I$236,$U16)="対象","対象",IF(INDEX(評価項目対応!$I$6:$I$236,$U16)="対象外（承認済）","対象外",IF(INDEX(評価項目対応!$I$6:$I$236,$U16)="未確定","n/a",""))),"") -> n/a | H16: =IF(ISBLANK(J16),"",IF(J16=5,"Yes",IF(J16=4,"Yes","No"))) | M16: =IF(INDEX(評価項目対応!$J$6:$J$236,$U16)="","",INDEX(評価項目対応!$J$6:$J$236,$U16)) | N16: =IF(INDEX(評価項目対応!$N$6:$N$236,$U16)="","",INDEX(評価項目対応!$N$6:$N$236,$U16)) | O16: =IF(INDEX(評価項目対応!$O$6:$O$236,$U16)="","",INDEX(評価項目対応!$O$6:$O$236,$U16)) | P16: =COUNTIF(F16:G16,"")+COUNTIF(I16:O16,"")-IF(AND(G16="対象外",K16=""),1,0) -> 8 | Q16: =IF(F16="","会社名コード未設定（D4）",IF(OR(G16="",G16="n/a"),"適用性を確定（評価項目対応I列）",IF(AND(G16="対象外",OR(I16<>"対象外",J16<>"n/a")),"対象外ならR=対象外・S=n/a",IF(AND(G16="対象",OR(I16="対象外",J16="n/a")),"対象なのにR／Sが対象外・n/a",IF(AND(G16="対象",OR(I16="",J16="")),"R・Sを入力",IF(AND(ISNUMBER(J16),ISNUMBER(V16),ABS(N(J16)-N(V16))>=1),"RとSの乖離（案分ならUに明記）",IF(AND(G16="対象",L16=""),"Uに制約・代替策・未検証を記載",IF(AND(G16="対象外",L16=""),"対象外の理由・承認者をUに記載",IF(OR(M16="",N16="",O16=""),"V～Xを入力",IF(P16>0,"未記入あり（P列）","OK")))))))))) -> 会社名コード未設定（D4） | R16: =IF(INDEX(評価項目対応!$M$6:$M$236,$U16)="","",INDEX(評価項目対応!$M$6:$M$236,$U16)) | S16: =INDEX(評価項目対応!$H$6:$H$236,$U16) -> IaC利用の有無を関連クラウドも含めて確認する。未使用なら範囲と理由を記載する。 | T16: =TRIM(IF(INDEX(評価項目対応!$K$6:$K$236,$U16)="","","試験ID: "&INDEX(評価項目対応!$K$6:$K$236,$U16)&" ")&IF(INDEX(評価項目対応!$L$6:$L$236,$U16)="","","判断理由: "&INDEX(評価項目対応!$L$6:$L$236,$U16))) | U16: =MATCH($A16,評価項目対応!$A$6:$A$236,0) -> 10 | V16: =IFERROR(VLOOKUP(I16,$X$6:$Y$11,2,FALSE()),"")
A17: 13 | B17: =INDEX(評価項目対応!$B$6:$B$236,$U17) -> 7 | C17: =INDEX(評価項目対応!$F$6:$F$236,$U17) -> 1.02 | D17: =INDEX(評価項目対応!$D$6:$D$236,$U17) -> IaCの利用と管理 | E17: =INDEX(評価項目対応!$E$6:$E$236,$U17) -> IaCのテンプレートへの変更を監査する。 | F17: =IF($D$4="","",$D$4) | G17: =IFERROR(IF(INDEX(評価項目対応!$I$6:$I$236,$U17)="対象","対象",IF(INDEX(評価項目対応!$I$6:$I$236,$U17)="対象外（承認済）","対象外",IF(INDEX(評価項目対応!$I$6:$I$236,$U17)="未確定","n/a",""))),"") -> n/a | H17: =IF(ISBLANK(J17),"",IF(J17=5,"Yes",IF(J17=4,"Yes","No"))) | M17: =IF(INDEX(評価項目対応!$J$6:$J$236,$U17)="","",INDEX(評価項目対応!$J$6:$J$236,$U17)) | N17: =IF(INDEX(評価項目対応!$N$6:$N$236,$U17)="","",INDEX(評価項目対応!$N$6:$N$236,$U17)) | O17: =IF(INDEX(評価項目対応!$O$6:$O$236,$U17)="","",INDEX(評価項目対応!$O$6:$O$236,$U17)) | P17: =COUNTIF(F17:G17,"")+COUNTIF(I17:O17,"")-IF(AND(G17="対象外",K17=""),1,0) -> 8 | Q17: =IF(F17="","会社名コード未設定（D4）",IF(OR(G17="",G17="n/a"),"適用性を確定（評価項目対応I列）",IF(AND(G17="対象外",OR(I17<>"対象外",J17<>"n/a")),"対象外ならR=対象外・S=n/a",IF(AND(G17="対象",OR(I17="対象外",J17="n/a")),"対象なのにR／Sが対象外・n/a",IF(AND(G17="対象",OR(I17="",J17="")),"R・Sを入力",IF(AND(ISNUMBER(J17),ISNUMBER(V17),ABS(N(J17)-N(V17))>=1),"RとSの乖離（案分ならUに明記）",IF(AND(G17="対象",L17=""),"Uに制約・代替策・未検証を記載",IF(AND(G17="対象外",L17=""),"対象外の理由・承認者をUに記載",IF(OR(M17="",N17="",O17=""),"V～Xを入力",IF(P17>0,"未記入あり（P列）","OK")))))))))) -> 会社名コード未設定（D4） | R17: =IF(INDEX(評価項目対応!$M$6:$M$236,$U17)="","",INDEX(評価項目対応!$M$6:$M$236,$U17)) | S17: =INDEX(評価項目対応!$H$6:$H$236,$U17) -> IaC利用の有無を関連クラウドも含めて確認する。未使用なら範囲と理由を記載する。 | T17: =TRIM(IF(INDEX(評価項目対応!$K$6:$K$236,$U17)="","","試験ID: "&INDEX(評価項目対応!$K$6:$K$236,$U17)&" ")&IF(INDEX(評価項目対応!$L$6:$L$236,$U17)="","","判断理由: "&INDEX(評価項目対応!$L$6:$L$236,$U17))) | U17: =MATCH($A17,評価項目対応!$A$6:$A$236,0) -> 11 | V17: =IFERROR(VLOOKUP(I17,$X$6:$Y$11,2,FALSE()),"")
A18: 14 | B18: =INDEX(評価項目対応!$B$6:$B$236,$U18) -> 39 | C18: =INDEX(評価項目対応!$F$6:$F$236,$U18) -> 3.08 | D18: =INDEX(評価項目対応!$D$6:$D$236,$U18) -> 構成ドリフトのチェッ ク | E18: =INDEX(評価項目対応!$E$6:$E$236,$U18) -> テンプレート展開の外で変更または導入されたリソースを特定するために 、構成ドリフト（期待された状態からの乖離）を定期的にチェックする。 | F18: =IF($D$4="","",$D$4) | G18: =IFERROR(IF(INDEX(評価項目対応!$I$6:$I$236,$U18)="対象","対象",IF(INDEX(評価項目対応!$I$6:$I$236,$U18)="対象外（承認済）","対象外",IF(INDEX(評価項目対応!$I$6:$I$236,$U18)="未確定","n/a",""))),"") -> n/a | H18: =IF(ISBLANK(J18),"",IF(J18=5,"Yes",IF(J18=4,"Yes","No"))) | M18: =IF(INDEX(評価項目対応!$J$6:$J$236,$U18)="","",INDEX(評価項目対応!$J$6:$J$236,$U18)) | N18: =IF(INDEX(評価項目対応!$N$6:$N$236,$U18)="","",INDEX(評価項目対応!$N$6:$N$236,$U18)) | O18: =IF(INDEX(評価項目対応!$O$6:$O$236,$U18)="","",INDEX(評価項目対応!$O$6:$O$236,$U18)) | P18: =COUNTIF(F18:G18,"")+COUNTIF(I18:O18,"")-IF(AND(G18="対象外",K18=""),1,0) -> 8 | Q18: =IF(F18="","会社名コード未設定（D4）",IF(OR(G18="",G18="n/a"),"適用性を確定（評価項目対応I列）",IF(AND(G18="対象外",OR(I18<>"対象外",J18<>"n/a")),"対象外ならR=対象外・S=n/a",IF(AND(G18="対象",OR(I18="対象外",J18="n/a")),"対象なのにR／Sが対象外・n/a",IF(AND(G18="対象",OR(I18="",J18="")),"R・Sを入力",IF(AND(ISNUMBER(J18),ISNUMBER(V18),ABS(N(J18)-N(V18))>=1),"RとSの乖離（案分ならUに明記）",IF(AND(G18="対象",L18=""),"Uに制約・代替策・未検証を記載",IF(AND(G18="対象外",L18=""),"対象外の理由・承認者をUに記載",IF(OR(M18="",N18="",O18=""),"V～Xを入力",IF(P18>0,"未記入あり（P列）","OK")))))))))) -> 会社名コード未設定（D4） | R18: =IF(INDEX(評価項目対応!$M$6:$M$236,$U18)="","",INDEX(評価項目対応!$M$6:$M$236,$U18)) | S18: =INDEX(評価項目対応!$H$6:$H$236,$U18) -> Google管理ポリシーの承認基線と実効値、変更履歴、差分検出・復元を確認する。 | T18: =TRIM(IF(INDEX(評価項目対応!$K$6:$K$236,$U18)="","","試験ID: "&INDEX(評価項目対応!$K$6:$K$236,$U18)&" ")&IF(INDEX(評価項目対応!$L$6:$L$236,$U18)="","","判断理由: "&INDEX(評価項目対応!$L$6:$L$236,$U18))) | U18: =MATCH($A18,評価項目対応!$A$6:$A$236,0) -> 12 | V18: =IFERROR(VLOOKUP(I18,$X$6:$Y$11,2,FALSE()),"")
A19: 15 | B19: =INDEX(評価項目対応!$B$6:$B$236,$U19) -> 40 | C19: =INDEX(評価項目対応!$F$6:$F$236,$U19) -> 3.08 | D19: =INDEX(評価項目対応!$D$6:$D$236,$U19) -> 構成ドリフトのチェッ ク | E19: =INDEX(評価項目対応!$E$6:$E$236,$U19) -> 構成ドリフト（期待された状態からの乖離）チェックにより、新しいセキ ュリティギャップと設定ミスが導入される可能性を減らす。 | F19: =IF($D$4="","",$D$4) | G19: =IFERROR(IF(INDEX(評価項目対応!$I$6:$I$236,$U19)="対象","対象",IF(INDEX(評価項目対応!$I$6:$I$236,$U19)="対象外（承認済）","対象外",IF(INDEX(評価項目対応!$I$6:$I$236,$U19)="未確定","n/a",""))),"") -> n/a | H19: =IF(ISBLANK(J19),"",IF(J19=5,"Yes",IF(J19=4,"Yes","No"))) | M19: =IF(INDEX(評価項目対応!$J$6:$J$236,$U19)="","",INDEX(評価項目対応!$J$6:$J$236,$U19)) | N19: =IF(INDEX(評価項目対応!$N$6:$N$236,$U19)="","",INDEX(評価項目対応!$N$6:$N$236,$U19)) | O19: =IF(INDEX(評価項目対応!$O$6:$O$236,$U19)="","",INDEX(評価項目対応!$O$6:$O$236,$U19)) | P19: =COUNTIF(F19:G19,"")+COUNTIF(I19:O19,"")-IF(AND(G19="対象外",K19=""),1,0) -> 8 | Q19: =IF(F19="","会社名コード未設定（D4）",IF(OR(G19="",G19="n/a"),"適用性を確定（評価項目対応I列）",IF(AND(G19="対象外",OR(I19<>"対象外",J19<>"n/a")),"対象外ならR=対象外・S=n/a",IF(AND(G19="対象",OR(I19="対象外",J19="n/a")),"対象なのにR／Sが対象外・n/a",IF(AND(G19="対象",OR(I19="",J19="")),"R・Sを入力",IF(AND(ISNUMBER(J19),ISNUMBER(V19),ABS(N(J19)-N(V19))>=1),"RとSの乖離（案分ならUに明記）",IF(AND(G19="対象",L19=""),"Uに制約・代替策・未検証を記載",IF(AND(G19="対象外",L19=""),"対象外の理由・承認者をUに記載",IF(OR(M19="",N19="",O19=""),"V～Xを入力",IF(P19>0,"未記入あり（P列）","OK")))))))))) -> 会社名コード未設定（D4） | R19: =IF(INDEX(評価項目対応!$M$6:$M$236,$U19)="","",INDEX(評価項目対応!$M$6:$M$236,$U19)) | S19: =INDEX(評価項目対応!$H$6:$H$236,$U19) -> Google管理ポリシーの承認基線と実効値、変更履歴、差分検出・復元を確認する。 | T19: =TRIM(IF(INDEX(評価項目対応!$K$6:$K$236,$U19)="","","試験ID: "&INDEX(評価項目対応!$K$6:$K$236,$U19)&" ")&IF(INDEX(評価項目対応!$L$6:$L$236,$U19)="","","判断理由: "&INDEX(評価項目対応!$L$6:$L$236,$U19))) | U19: =MATCH($A19,評価項目対応!$A$6:$A$236,0) -> 13 | V19: =IFERROR(VLOOKUP(I19,$X$6:$Y$11,2,FALSE()),"")
A20: 16 | B20: =INDEX(評価項目対応!$B$6:$B$236,$U20) -> 28 | C20: =INDEX(評価項目対応!$F$6:$F$236,$U20) -> 3.07 | D20: =INDEX(評価項目対応!$D$6:$D$236,$U20) -> 脆弱性管理 | E20: =INDEX(評価項目対応!$E$6:$E$236,$U20) -> 攻撃対象領域を制限するため、定期的な脆弱性スキャンを実施する。 | F20: =IF($D$4="","",$D$4) | G20: =IFERROR(IF(INDEX(評価項目対応!$I$6:$I$236,$U20)="対象","対象",IF(INDEX(評価項目対応!$I$6:$I$236,$U20)="対象外（承認済）","対象外",IF(INDEX(評価項目対応!$I$6:$I$236,$U20)="未確定","n/a",""))),"") -> n/a | H20: =IF(ISBLANK(J20),"",IF(J20=5,"Yes",IF(J20=4,"Yes","No"))) | M20: =IF(INDEX(評価項目対応!$J$6:$J$236,$U20)="","",INDEX(評価項目対応!$J$6:$J$236,$U20)) | N20: =IF(INDEX(評価項目対応!$N$6:$N$236,$U20)="","",INDEX(評価項目対応!$N$6:$N$236,$U20)) | O20: =IF(INDEX(評価項目対応!$O$6:$O$236,$U20)="","",INDEX(評価項目対応!$O$6:$O$236,$U20)) | P20: =COUNTIF(F20:G20,"")+COUNTIF(I20:O20,"")-IF(AND(G20="対象外",K20=""),1,0) -> 8 | Q20: =IF(F20="","会社名コード未設定（D4）",IF(OR(G20="",G20="n/a"),"適用性を確定（評価項目対応I列）",IF(AND(G20="対象外",OR(I20<>"対象外",J20<>"n/a")),"対象外ならR=対象外・S=n/a",IF(AND(G20="対象",OR(I20="対象外",J20="n/a")),"対象なのにR／Sが対象外・n/a",IF(AND(G20="対象",OR(I20="",J20="")),"R・Sを入力",IF(AND(ISNUMBER(J20),ISNUMBER(V20),ABS(N(J20)-N(V20))>=1),"RとSの乖離（案分ならUに明記）",IF(AND(G20="対象",L20=""),"Uに制約・代替策・未検証を記載",IF(AND(G20="対象外",L20=""),"対象外の理由・承認者をUに記載",IF(OR(M20="",N20="",O20=""),"V～Xを入力",IF(P20>0,"未記入あり（P列）","OK")))))))))) -> 会社名コード未設定（D4） | R20: =IF(INDEX(評価項目対応!$M$6:$M$236,$U20)="","",INDEX(評価項目対応!$M$6:$M$236,$U20)) | S20: =INDEX(評価項目対応!$H$6:$H$236,$U20) -> ChromeOSと接続先・ネットワーク製品を分けて脆弱性・更新運用を確認する。 | T20: =TRIM(IF(INDEX(評価項目対応!$K$6:$K$236,$U20)="","","試験ID: "&INDEX(評価項目対応!$K$6:$K$236,$U20)&" ")&IF(INDEX(評価項目対応!$L$6:$L$236,$U20)="","","判断理由: "&INDEX(評価項目対応!$L$6:$L$236,$U20))) | U20: =MATCH($A20,評価項目対応!$A$6:$A$236,0) -> 14 | V20: =IFERROR(VLOOKUP(I20,$X$6:$Y$11,2,FALSE()),"")
A21: 17 | B21: =INDEX(評価項目対応!$B$6:$B$236,$U21) -> 29 | C21: =INDEX(評価項目対応!$F$6:$F$236,$U21) -> 3.07 | D21: =INDEX(評価項目対応!$D$6:$D$236,$U21) -> 脆弱性管理 | E21: =INDEX(評価項目対応!$E$6:$E$236,$U21) -> 特にインターネットに接続されたデバイス上の脆弱性を特定して対処する 。 | F21: =IF($D$4="","",$D$4) | G21: =IFERROR(IF(INDEX(評価項目対応!$I$6:$I$236,$U21)="対象","対象",IF(INDEX(評価項目対応!$I$6:$I$236,$U21)="対象外（承認済）","対象外",IF(INDEX(評価項目対応!$I$6:$I$236,$U21)="未確定","n/a",""))),"") -> n/a | H21: =IF(ISBLANK(J21),"",IF(J21=5,"Yes",IF(J21=4,"Yes","No"))) | M21: =IF(INDEX(評価項目対応!$J$6:$J$236,$U21)="","",INDEX(評価項目対応!$J$6:$J$236,$U21)) | N21: =IF(INDEX(評価項目対応!$N$6:$N$236,$U21)="","",INDEX(評価項目対応!$N$6:$N$236,$U21)) | O21: =IF(INDEX(評価項目対応!$O$6:$O$236,$U21)="","",INDEX(評価項目対応!$O$6:$O$236,$U21)) | P21: =COUNTIF(F21:G21,"")+COUNTIF(I21:O21,"")-IF(AND(G21="対象外",K21=""),1,0) -> 8 | Q21: =IF(F21="","会社名コード未設定（D4）",IF(OR(G21="",G21="n/a"),"適用性を確定（評価項目対応I列）",IF(AND(G21="対象外",OR(I21<>"対象外",J21<>"n/a")),"対象外ならR=対象外・S=n/a",IF(AND(G21="対象",OR(I21="対象外",J21="n/a")),"対象なのにR／Sが対象外・n/a",IF(AND(G21="対象",OR(I21="",J21="")),"R・Sを入力",IF(AND(ISNUMBER(J21),ISNUMBER(V21),ABS(N(J21)-N(V21))>=1),"RとSの乖離（案分ならUに明記）",IF(AND(G21="対象",L21=""),"Uに制約・代替策・未検証を記載",IF(AND(G21="対象外",L21=""),"対象外の理由・承認者をUに記載",IF(OR(M21="",N21="",O21=""),"V～Xを入力",IF(P21>0,"未記入あり（P列）","OK")))))))))) -> 会社名コード未設定（D4） | R21: =IF(INDEX(評価項目対応!$M$6:$M$236,$U21)="","",INDEX(評価項目対応!$M$6:$M$236,$U21)) | S21: =INDEX(評価項目対応!$H$6:$H$236,$U21) -> ChromeOSと接続先・ネットワーク製品を分けて脆弱性・更新運用を確認する。 | T21: =TRIM(IF(INDEX(評価項目対応!$K$6:$K$236,$U21)="","","試験ID: "&INDEX(評価項目対応!$K$6:$K$236,$U21)&" ")&IF(INDEX(評価項目対応!$L$6:$L$236,$U21)="","","判断理由: "&INDEX(評価項目対応!$L$6:$L$236,$U21))) | U21: =MATCH($A21,評価項目対応!$A$6:$A$236,0) -> 15 | V21: =IFERROR(VLOOKUP(I21,$X$6:$Y$11,2,FALSE()),"")
A22: 18 | B22: =INDEX(評価項目対応!$B$6:$B$236,$U22) -> 30 | C22: =INDEX(評価項目対応!$F$6:$F$236,$U22) -> 3.07 | D22: =INDEX(評価項目対応!$D$6:$D$236,$U22) -> 脆弱性管理 | E22: =INDEX(評価項目対応!$E$6:$E$236,$U22) -> インターネットデータ、Webブラウザ、ブラウザプラグイン、ドキュメン トリーダーなどを処理するソフトウェアを実行するインターネット向けサ ーバーへのパッチ適用を優先する。 | F22: =IF($D$4="","",$D$4) | G22: =IFERROR(IF(INDEX(評価項目対応!$I$6:$I$236,$U22)="対象","対象",IF(INDEX(評価項目対応!$I$6:$I$236,$U22)="対象外（承認済）","対象外",IF(INDEX(評価項目対応!$I$6:$I$236,$U22)="未確定","n/a",""))),"") -> n/a | H22: =IF(ISBLANK(J22),"",IF(J22=5,"Yes",IF(J22=4,"Yes","No"))) | M22: =IF(INDEX(評価項目対応!$J$6:$J$236,$U22)="","",INDEX(評価項目対応!$J$6:$J$236,$U22)) | N22: =IF(INDEX(評価項目対応!$N$6:$N$236,$U22)="","",INDEX(評価項目対応!$N$6:$N$236,$U22)) | O22: =IF(INDEX(評価項目対応!$O$6:$O$236,$U22)="","",INDEX(評価項目対応!$O$6:$O$236,$U22)) | P22: =COUNTIF(F22:G22,"")+COUNTIF(I22:O22,"")-IF(AND(G22="対象外",K22=""),1,0) -> 8 | Q22: =IF(F22="","会社名コード未設定（D4）",IF(OR(G22="",G22="n/a"),"適用性を確定（評価項目対応I列）",IF(AND(G22="対象外",OR(I22<>"対象外",J22<>"n/a")),"対象外ならR=対象外・S=n/a",IF(AND(G22="対象",OR(I22="対象外",J22="n/a")),"対象なのにR／Sが対象外・n/a",IF(AND(G22="対象",OR(I22="",J22="")),"R・Sを入力",IF(AND(ISNUMBER(J22),ISNUMBER(V22),ABS(N(J22)-N(V22))>=1),"RとSの乖離（案分ならUに明記）",IF(AND(G22="対象",L22=""),"Uに制約・代替策・未検証を記載",IF(AND(G22="対象外",L22=""),"対象外の理由・承認者をUに記載",IF(OR(M22="",N22="",O22=""),"V～Xを入力",IF(P22>0,"未記入あり（P列）","OK")))))))))) -> 会社名コード未設定（D4） | R22: =IF(INDEX(評価項目対応!$M$6:$M$236,$U22)="","",INDEX(評価項目対応!$M$6:$M$236,$U22)) | S22: =INDEX(評価項目対応!$H$6:$H$236,$U22) -> ChromeOSと接続先・ネットワーク製品を分けて脆弱性・更新運用を確認する。 | T22: =TRIM(IF(INDEX(評価項目対応!$K$6:$K$236,$U22)="","","試験ID: "&INDEX(評価項目対応!$K$6:$K$236,$U22)&" ")&IF(INDEX(評価項目対応!$L$6:$L$236,$U22)="","","判断理由: "&INDEX(評価項目対応!$L$6:$L$236,$U22))) | U22: =MATCH($A22,評価項目対応!$A$6:$A$236,0) -> 16 | V22: =IFERROR(VLOOKUP(I22,$X$6:$Y$11,2,FALSE()),"")
A23: 19 | B23: =INDEX(評価項目対応!$B$6:$B$236,$U23) -> 31 | C23: =INDEX(評価項目対応!$F$6:$F$236,$U23) -> 3.07 | D23: =INDEX(評価項目対応!$D$6:$D$236,$U23) -> 脆弱性管理 | E23: =INDEX(評価項目対応!$E$6:$E$236,$U23) -> 特に既知の悪用された脆弱性を持つサーバーへのパッチ適用を優先する。 | F23: =IF($D$4="","",$D$4) | G23: =IFERROR(IF(INDEX(評価項目対応!$I$6:$I$236,$U23)="対象","対象",IF(INDEX(評価項目対応!$I$6:$I$236,$U23)="対象外（承認済）","対象外",IF(INDEX(評価項目対応!$I$6:$I$236,$U23)="未確定","n/a",""))),"") -> n/a | H23: =IF(ISBLANK(J23),"",IF(J23=5,"Yes",IF(J23=4,"Yes","No"))) | M23: =IF(INDEX(評価項目対応!$J$6:$J$236,$U23)="","",INDEX(評価項目対応!$J$6:$J$236,$U23)) | N23: =IF(INDEX(評価項目対応!$N$6:$N$236,$U23)="","",INDEX(評価項目対応!$N$6:$N$236,$U23)) | O23: =IF(INDEX(評価項目対応!$O$6:$O$236,$U23)="","",INDEX(評価項目対応!$O$6:$O$236,$U23)) | P23: =COUNTIF(F23:G23,"")+COUNTIF(I23:O23,"")-IF(AND(G23="対象外",K23=""),1,0) -> 8 | Q23: =IF(F23="","会社名コード未設定（D4）",IF(OR(G23="",G23="n/a"),"適用性を確定（評価項目対応I列）",IF(AND(G23="対象外",OR(I23<>"対象外",J23<>"n/a")),"対象外ならR=対象外・S=n/a",IF(AND(G23="対象",OR(I23="対象外",J23="n/a")),"対象なのにR／Sが対象外・n/a",IF(AND(G23="対象",OR(I23="",J23="")),"R・Sを入力",IF(AND(ISNUMBER(J23),ISNUMBER(V23),ABS(N(J23)-N(V23))>=1),"RとSの乖離（案分ならUに明記）",IF(AND(G23="対象",L23=""),"Uに制約・代替策・未検証を記載",IF(AND(G23="対象外",L23=""),"対象外の理由・承認者をUに記載",IF(OR(M23="",N23="",O23=""),"V～Xを入力",IF(P23>0,"未記入あり（P列）","OK")))))))))) -> 会社名コード未設定（D4） | R23: =IF(INDEX(評価項目対応!$M$6:$M$236,$U23)="","",INDEX(評価項目対応!$M$6:$M$236,$U23)) | S23: =INDEX(評価項目対応!$H$6:$H$236,$U23) -> ChromeOSと接続先・ネットワーク製品を分けて脆弱性・更新運用を確認する。 | T23: =TRIM(IF(INDEX(評価項目対応!$K$6:$K$236,$U23)="","","試験ID: "&INDEX(評価項目対応!$K$6:$K$236,$U23)&" ")&IF(INDEX(評価項目対応!$L$6:$L$236,$U23)="","","判断理由: "&INDEX(評価項目対応!$L$6:$L$236,$U23))) | U23: =MATCH($A23,評価項目対応!$A$6:$A$236,0) -> 17 | V23: =IFERROR(VLOOKUP(I23,$X$6:$Y$11,2,FALSE()),"")
... A237: 233 | B237: =INDEX(評価項目対応!$B$6:$B$236,$U237) -> 188 | C237: =INDEX(評価項目対応!$F$6:$F$236,$U237) -> 5.02 | D237: =INDEX(評価項目対応!$D$6:$D$236,$U237) -> 復旧優先度 | E237: =INDEX(評価項目対応!$E$6:$E$236,$U237) -> 健康と安全、収益創出、またはその他の重要なサービスにとって重要な情 報システム、およびそれらが依存しているシステムを含む、事前に定義さ れた重要な資産リストに基づいて、復元と回復に優先順位を付ける。 | F237: =IF($D$4="","",$D$4) | G237: =IFERROR(IF(INDEX(評価項目対応!$I$6:$I$236,$U237)="対象","対象",IF(INDEX(評価項目対応!$I$6:$I$236,$U237)="対象外（承認済）","対象外",IF(INDEX(評価項目対応!$I$6:$I$236,$U237)="未確定","n/a",""))),"") -> n/a | H237: =IF(ISBLANK(J237),"",IF(J237=5,"Yes",IF(J237=4,"Yes","No"))) | M237: =IF(INDEX(評価項目対応!$J$6:$J$236,$U237)="","",INDEX(評価項目対応!$J$6:$J$236,$U237)) | N237: =IF(INDEX(評価項目対応!$N$6:$N$236,$U237)="","",INDEX(評価項目対応!$N$6:$N$236,$U237)) | O237: =IF(INDEX(評価項目対応!$O$6:$O$236,$U237)="","",INDEX(評価項目対応!$O$6:$O$236,$U237)) | P237: =COUNTIF(F237:G237,"")+COUNTIF(I237:O237,"")-IF(AND(G237="対象外",K237=""),1,0) -> 8 | Q237: =IF(F237="","会社名コード未設定（D4）",IF(OR(G237="",G237="n/a"),"適用性を確定（評価項目対応I列）",IF(AND(G237="対象外",OR(I237<>"対象外",J237<>"n/a")),"対象外ならR=対象外・S=n/a",IF(AND(G237="対象",OR(I237="対象外",J237="n/a")),"対象なのにR／Sが対象外・n/a",IF(AND(G237="対象",OR(I237="",J237="")),"R・Sを入力",IF(AND(ISNUMBER(J237),ISNUMBER(V237),ABS(N(J237)-N(V237))>=1),"RとSの乖離（案分ならUに明記）",IF(AND(G237="対象",L237=""),"Uに制約・代替策・未検証を記載",IF(AND(G237="対象外",L237=""),"対象外の理由・承認者をUに記載",IF(OR(M237="",N237="",O237=""),"V～Xを入力",IF(P237>0,"未記入あり（P列）","OK")))))))))) -> 会社名コード未設定（D4） | R237: =IF(INDEX(評価項目対応!$M$6:$M$236,$U237)="","",INDEX(評価項目対応!$M$6:$M$236,$U237)) | S237: =INDEX(評価項目対応!$H$6:$H$236,$U237) -> 5.01の既存復元証跡を先に評価する。証跡不足または保護方式・保存先変更時のみデータ管理担当が追加復元試験を実施する。 | T237: =TRIM(IF(INDEX(評価項目対応!$K$6:$K$236,$U237)="","","試験ID: "&INDEX(評価項目対応!$K$6:$K$236,$U237)&" ")&IF(INDEX(評価項目対応!$L$6:$L$236,$U237)="","","判断理由: "&INDEX(評価項目対応!$L$6:$L$236,$U237))) | U237: =MATCH($A237,評価項目対応!$A$6:$A$236,0) -> 231 | V237: =IFERROR(VLOOKUP(I237,$X$6:$Y$11,2,FALSE()),"")

Sheet 前提・入力要領
A2: 計画前提・入力要領・公式参考資料
A3: 黄色のセルは実施時に更新。試験合格・成熟度・適用性は実績確認後に決定する。 v3：前提23～28を追加、旧前提23（参考資料）は前提29へ移動。
A5: ID | B5: 項目・資料名 | C5: 内容・適用上の注意 | D5: 出典・URL | E5: 確認日
A6: 前提01 | B6: 目的 | C6: Chromebook導入前の一次セキュリティ評価を完了し、導入条件・残余リスクを判断可能にする。
A7: 前提02 | B7: 計画前提 | C7: 開始2026/10/07、提出2026/11/10の暫定案。前版11/13から、既存証跡の活用と接続準備の前倒しにより見直し。外部回答の遅延・追加基盤構築は再計画する。
A8: 前提03 | B8: 担当前提 | C8: 主担当SE1名。権限・契約・ネットワーク・セキュリティ・業務部門の協力を前提とする。担当者名は着手時に確定。
A9: 前提04 | B9: 日付と工数 | C9: 開始・終了は作業窓。L列はSEの基本工数、S列は必要時の追加工数（1人日8時間）。待ち時間・他部署の実作業は含まない。同日負荷は作業窓内で調整する。 作業窓は区間容量検査（任意の区間で、その区間に収まる作業窓の工数合計が稼働日数以内）を満たすよう設定する。
A10: 前提05 | B10: 待ち時間 | C10: 4.04a～d・5.01・5.07a・5.08は証跡回収、6.01は随時入力のため長い期間を設定。依存IDの成果を受領した範囲から順次進める。
A11: 前提06 | B11: 判定基準 | C11: ロック時間5分等はSheet3の候補。更新期限・離線条件・RPO/RTO・ログ期間・重大NG条件は1.03で合意する。
A12: 前提07 | B12: ライセンス | C12: Business Starter＋CEUを固定前提にしない。DLP等は追加ライセンス／上位版の必要性を1.04で確認する。
A13: 前提08 | B13: 試験の安全性 | C13: 実マルウェア、実フィッシングサイト、業務データは使わない。無害な試験ファイル・専用OUを使用する。初期化前に証跡と必要データを退避する。
A14: 前提09 | B14: テスト記録 | C14: 関連ポリシーをまとめて設定・確認し、共通画面・ログは再利用する。実施前に1.05で試験ID・手順・期待値を具体化し、結果と証跡を記録する。
A15: 前提10 | B15: 231項目の対応表 | C15: 原票の行・枝番号・チェック内容を保存した評価作業の割当案。主担当WBSは入口であり、記載内容のすべてが実装済みという意味ではない。
A16: 前提11 | B16: 対象外の判断 | C16: Windows固有要件でもVDI・AD・SMB等の接続先に適用し得る。未契約・機能不足・未検証は対象外理由にしない。
A17: 前提12 | B17: O～Xの入力 | C17: O会社名、P評価要否、R成熟度、Sスコア、T証跡名、U補足、V部署、W責任者、X回答者。QはS参照の既存公式を維持。 v3ではO～X転記用シートで下書きし、値貼り付けする。
... A34: 前提29 | B34: 参考資料 | C34: 以下のGoogle公式資料は製品の実装参照。MS-ISACとの対応づけは本WBSの評価案であり、Googleによる認証ではない。確認日：2026/10/02。 v3で追加した資料（C02～C04、G18～G21）の確認日は2026/10/03。
A35: G16 | B35: Microsoft：Work with VBA macros in Excel for the web | C35: Web版のVBA非実行を確認。VDIのデスクトップ版Officeは別評価。 | D35: https://support.microsoft.com/en-us/excel/work-with-vba-macros-in-excel-for-the-web | E35: 2026/10/02
A36: G17 | B36: Google：Sync your account settings | C36: 同期は管理者設定に依存。1分以内の保証を合格基準としない。 | D36: https://support.google.com/chromebook/answer/2914794?hl=en | E36: 2026/10/02
A37: I01 | B37: 提供資料：MS-ISAC StopRansomware チェックシート | C37: 原要件・証跡・入力ルール。枝番号はF列。 | D37: 添付原票：評価結果記入シート（231項目）、評価実施手順 | E37: 2026/10/02
A38: I02 | B38: 提供資料：既存WBS・原票の監査結果 | C38: 既存WBSを再構成。既存成熟度値は今回の結果として引き継がない。 | D38: 添付：Chromebook_POC_WBS.xlsx／前回レビュー | E38: 2026/10/02
A39: I03 | B39: 提供資料：Sheet3 | C39: 参考案。会社規程やGoogle保証と扱わず、5分ロック等は承認する。 | D39: 添付原票：名称がSheet3のワークシート | E39: 2026/10/02
A40: C01 | B40: CISA／MS-ISAC：StopRansomware Guide（原票参照版） | C40: 原票の参照先。適用版は評価責任者と合意し、新版へ自動変更しない。 | D40: https://www.cisa.gov/sites/default/files/2023-10/StopRansomware-Guide-508C-v3_1.pdf | E40: 2026/10/02
A41: G01 | B41: Google：ChromeOS デバイスを設定する | C41: 環境、ネットワーク、ポリシー、更新、登録。 | D41: https://support.google.com/chrome/a/answer/4601288?hl=ja | E41: 2026/10/02
A42: G02 | B42: Google：ChromeOS Enterprise Upgrade trial | C42: 試用・端末管理。試用期限と本番契約を別に確認する。 | D42: https://support.google.com/chrome/a/answer/7679452?hl=en | E42: 2026/10/02
A43: G03 | B43: Google：Set ChromeOS device policies | C43: 端末OU、ログイン、再登録、更新等。 | D43: https://support.google.com/chrome/a/answer/1375678?hl=en | E43: 2026/10/02
A44: G04 | B44: Google：Set Chrome policies for users or browsers | C44: ユーザーOU、追加アカウント、アプリ、外部ストレージ等。 | D44: https://support.google.com/chrome/a/answer/2657289?hl=en | E44: 2026/10/02
A45: G05 | B45: Google：Let multiple users sign in at the same time | C45: 端末の複数ユーザー同時ログイン。 | D45: https://support.google.com/chrome/a/answer/6080900?hl=en | E45: 2026/10/02
A46: G06 | B46: Google：セキュリティとプライバシーに関するポリシー | C46: Web・URL・ブラウザ保存。対応プラットフォームを確認する。 | D46: https://support.google.com/chrome/a/answer/9036555?hl=ja | E46: 2026/10/02
... A63: G21 | B63: Microsoft：Edge policies（Website typo protection） | C63: 原票のTracking prevention／Website typo protectionはEdgeの機能名。typo protectionのポリシーはTyposquattingCheckerEnabled。 | D63: https://learn.microsoft.com/deployedge/microsoft-edge-policies | E63: 2026/10/03

Sheet 工数・日程確認
A2: 工数・日程確認（式による集計）
A3: 黄色のセルを更新すると集計が変わる。作業窓の妥当性（区間容量検査）は作成時に確認し、結果をv3変更履歴に記録した。
A5: 項目 | B5: 値 | C5: 条件付き | D5: 説明
A6: 開始日 | B6: 46302 | D6: WBSの最初の作業日（入力）
A7: 提出日 | B7: 46336 | D7: 一次評価の提出予定日（入力）
A8: 祝日1 | B8: 46307 | D8: スポーツの日（稼働日から除外）
A9: 祝日2 | B9: 46329 | D9: 文化の日（稼働日から除外）
A10: 祝日3（任意） | D10: 必要なら追加（入力）
A11: 祝日4（任意） | D11: 必要なら追加（入力）
A13: 稼働日数（開始日～提出日、祝日除く） | B13: =NETWORKDAYS(B6,B7,B8:B11) -> 23 | D13: SE1名・1日1人日として計算
A14: SE基本工数（人日） | B14: =SUM(WBS!L6:L59) -> 22.4 | D14: WBS L列の合計（他部署の実作業は含まない）
A15: 余裕（人日） | B15: =B13-B14 -> 0.6 | D15: 稼働日数－基本工数
A16: 稼働率 | B16: =B14/B13 -> 0.97391304 | D16: 基本工数÷稼働日数
A17: 条件付き追加（人日） | B17: =SUM(WBS!S6:S59) -> 1.5 | D17: WBS S列の合計（4.07、5.02の他保存先、6.04）
A18: 条件付きがすべて発生した場合の過不足（人日） | B18: =B15-B17 -> -0.9 | D18: マイナスなら超過
A19: 判定 | B19: =IF(B15<0,"基本工数が稼働日数を超過：日程見直しが必要",IF(B18<0,"基本は収まるが、条件付き追加がすべて発生すると超過：発生時は提出日を再判断","条件付き追加を含めても収まる")) -> 基本は収まるが、条件付き追加がすべて発生すると超過：発生時は提出日を再判断
A20: 週末・祝日にかかる開始／終了日の件数 | B20: =SUMPRODUCT(--(WEEKDAY(WBS!J6:K59,2)>5))+SUMPRODUCT(--ISNUMBER(MATCH(WBS!J6:K59,B8:B11,0))) -> 0 | D20: 0が正常（WBSの開始・終了日が稼働日であることの確認）
A22: 大項目別の工数（人日） | B22: 基本 | C22: 条件付き
A23: 1. 評価準備・環境構築 | B23: =SUMIF(WBS!$B$6:$B$59,A23,WBS!$L$6:$L$59) -> 6.15 | C23: =SUMIF(WBS!$B$6:$B$59,A23,WBS!$S$6:$S$59) -> 0
A24: 2. 認証・権限管理 | B24: =SUMIF(WBS!$B$6:$B$59,A24,WBS!$L$6:$L$59) -> 3 | C24: =SUMIF(WBS!$B$6:$B$59,A24,WBS!$S$6:$S$59) -> 0
A25: 3. 端末・アプリ・更新管理 | B25: =SUMIF(WBS!$B$6:$B$59,A25,WBS!$L$6:$L$59) -> 3.35 | C25: =SUMIF(WBS!$B$6:$B$59,A25,WBS!$S$6:$S$59) -> 0
A26: 4. 通信・データ保護 | B26: =SUMIF(WBS!$B$6:$B$59,A26,WBS!$L$6:$L$59) -> 3 | C26: =SUMIF(WBS!$B$6:$B$59,A26,WBS!$S$6:$S$59) -> 0.5
A27: 5. 復旧・監視・運用 | B27: =SUMIF(WBS!$B$6:$B$59,A27,WBS!$L$6:$L$59) -> 3.4 | C27: =SUMIF(WBS!$B$6:$B$59,A27,WBS!$S$6:$S$59) -> 0.25
A28: 6. 一次評価・是正・承認 | B28: =SUMIF(WBS!$B$6:$B$59,A28,WBS!$L$6:$L$59) -> 3.5 | C28: =SUMIF(WBS!$B$6:$B$59,A28,WBS!$S$6:$S$59) -> 0.75
A29: 合計 | B29: =SUM(B23:B28) -> 22.4 | C29: =SUM(C23:C28) -> 1.5 | D29: WBS L4／S4と一致する

Sheet v3変更履歴
A2: v3変更履歴（v2→v3）
A3: レビュー指摘の反映内容。工数は人日。日程・工数の前後比較は下段の表を参照。
A5: No | B5: 区分 | C5: 対象 | D5: 前版（v2） | E5: v3 | F5: 理由・根拠 | G5: 影響（評価項目／工数）
A6: 1 | B6: 新規 | C6: WBS 4.09 | D6: — | E6: SMB／NTLMクライアント制御（Chromebook側）。0.25人日、10/27～10/28 | F6: ChromeOSにはネットワークファイル共有の可否・NTLM・NetBIOS探索のポリシーがあるが、v2では接続先の既存証跡扱いだった | G6: F58, F60, F62, F163, F167（副）／+0.25
A7: 2 | B7: 変更 | C7: WBS 3.03・3.04 | D7: 拡張機能とAndroidアプリの許可リストのみ | E7: PWA、リモートアクセス系ツール（拡張・Chrome Remote Desktop・Androidアプリ）を追加。3.03は0.25→0.45 | F7: NCSC：PWAはユーザーが導入できる。ACSC：リモートアクセスのhost／client制限 | G7: F42, F141, F142, F201（副）／+0.20
A8: 3 | B8: 変更 | C8: WBS 2.06 | D8: 権限分離のみ（0.50） | E8: 管理コンソール自体の保護（break-glass、管理者のセキュリティキー、管理端末限定、復旧オプション）を追加。0.50→0.75 | F8: ACSCの管理者保護の推奨。最初のご相談の「管理ページの組織ログイン」に相当 | G8: F72～F74（副）、F76, F79, F80, F92／+0.25
A9: 4 | B9: 変更 | C9: WBS 3.01 | D9: ゲスト・開発者モード・Linux・Android | E9: DevTools、chrome://flags、Crosh、管理ゲストセッションを追加。0.25→0.40 | F9: ACSCの基線設定にあるが、v2には無かった | G9: +0.15
A10: 5 | B10: 変更 | C10: WBS 2.03・2.04・2.05 | D10: — | E10: パスキー／セキュリティキー（2.03）、最大セッション時間と強制オンライン再認証（2.04）、漏えい資格情報検知・Password Alert（2.05）を追加 | F10: Sheet3のパスキー、ACSCの基線設定 | G10: F72～F74ほか／工数据置
A11: 6 | B11: 変更 | C11: WBS 4.01・4.02 | D11: — | E11: 証明書エラー上書き・Safe Browsing強化モード（4.01）、生成AI機能・Edge固有機能の扱い（4.02）を追加 | F11: NCSC：Assistant（Gemini含む）は有効化の要否を決める対象。原票のTracking prevention／Website typo protectionはEdgeの機能名 | G11: F176～F178／工数据置
A12: 7 | B12: 変更 | C12: WBS 5.03 | D12: ログイン・管理変更・共有・OAuthのイベント | E12: 端末側のログ・上報（Chromeイベント、端末情報、システムログ、端末上の失敗ログイン）を追加。0.50→0.65 | F12: ACSCの報告設定。NCSC旧版は端末上の失敗ログインを遠隔収集できないと指摘しており、新版で再確認する | G12: F83, F84, F137, F169～F171（副）／+0.15
A13: 8 | B13: 変更 | C13: WBS 5.05・5.06 | D13: Disable・再有効化／初期化・再登録 | E13: 5.05にリモート消去の可否・反映を追加。5.06にゴールデンイメージ・予備ハードウェア相当の確認を追加し、F3・F8の主対応とする | F13: Sheet3のリモートワイプ。ChromeOSは設定がクラウド管理で、再登録で復元できる | G13: F3, F8（主対応を5.01→5.06）／工数据置
A14: 9 | B14: 変更 | C14: WBS 1.04 | D14: ライセンス・機能適用範囲 | E14: Driveランサムウェア検知・ファイル復元の対応エディションとChromeOSでの適用有無を追加 | F14: 検知はDrive for desktop前提の記載で、ChromeOSへの適用は記載を確認できない | G14: F1, F2, F138, F139（副）／工数据置
A15: 10 | B15: 変更 | C15: WBS 5.02 | D15: 条件付き0.50人日（証跡不足時のみ） | E15: Drive部分を必須化（基本0.25）。その他の保存先は条件付き（0.25） | F15: Driveが新規導入なら、既存の復元証跡がない | G15: 基本+0.25／条件付き-0.25
A16: 11 | B16: 変更 | C16: WBS 1.11・6.05 | D16: 基本接続の確認／判断案 | E16: 1.11に業務アプリ互換チェックリスト（業務部門が実施）を追加（0.50→0.65）。6.05に大規模展開方式と初期ロット受入を追加 | F16: ACSC：デスクトップアプリ依存は事前検証が必要。Google導入手順：手動／ゼロタッチ登録 | G16: +0.15
A17: 12 | B17: 分割 | C17: WBS 4.04 | D17: 1件（68項目・0.50人日・10/15～10/27） | E17: 4.04a AD／DC／Windows（27項目・0.20）、4.04b SMB／NTLM／暗号化（22項目・0.15）、4.04c VDI／RDP／リモート／RMM（14項目・0.10）、4.04d その他（5項目・0.05）。10/15～10/28 | F17: 68項目が1行では、責任者別の遅れが見えない | G17: 工数は合計据置
... A28: 23 | B28: 変更 | C28: 前提・入力要領 | D28: 前提01～23、参考資料 | E28: 前提23～28を追加（旧前提23は前提29へ）。参考資料C02～C04、G18～G21を追加。前提04・05・12・16・19を更新 | F28: 変更内容と未決事項（評価対象範囲・会社名コード）を明記する | G28: —
A30: 検証メモ
A31: ・ | B31: 区間容量検査：任意の区間について、作業窓がその区間内に完全に収まる作業の工数合計が、その区間の稼働日数以下であること（SE1名・1日1人日）。
A32: ・ | B32: v2：10/7～11/4に収まる基本工数19.75人日に対し稼働19日で、0.75人日超過（条件付き追加を除いても1名では成立していなかった）。
A33: ・ | B33: v3：全区間で作業量≦稼働日数。最小余裕0.00（10/7～10/14は満杯）。基本工数22.40人日／稼働23日（余裕0.60人日）。
A34: ・ | B34: 条件付き追加（4.07 0.50、5.02 0.25、6.04 0.75＝1.50）がすべて発生すると全体で1.15人日超過する。発生時は提出日を再判断する。
A35: ・ | B35: 前倒し案（未適用）：10/5・10/6を使える場合は、依頼系作業（1.01～1.04・1.09）を前倒しでき、11/10提出を維持しやすい。
A37: 日程・工数の前後比較（作成時点のスナップショット）
A38: ID | B38: 区分 | C38: 小項目（v3） | D38: v2：開始～終了（基本工数） | E38: v3：開始～終了（基本工数） | F38: メモ
A39: 1.01 | B39: 変更 | C39: 利用構成・責任分界の確定 | D39: 10/7～10/7（0.50） | E39: 10/7～10/7（0.50） | F39: 初日に評価対象範囲・2024年説明資料の確認依頼を追加（工数据置）
A40: 1.02 | B40: 変更 | C40: 231項目の適用性・担当割当 | D40: 10/7～10/9（1.00） | E40: 10/7～10/9（1.25） | F40: 旧6.02の入力ルール確認を前倒しで統合（+0.25）。証跡依頼を10/9までに送付
A41: 1.03 | B41: 変更 | C41: 合格条件・成熟度基準の合意 | D41: 10/8～10/9（0.50） | E41: 10/8～10/9（0.50） | F41: 評価対象範囲・案分方針・会社名コードの確認を追加（工数据置）
A42: 1.04 | B42: 変更 | C42: ライセンス・機能適用範囲確認 | D42: 10/8～10/9（0.50） | E42: 10/8～10/9（0.50） | F42: Driveランサムウェア検知・ファイル復元の対応版・適用範囲を確認項目に追加（工数据置）
A43: 1.05 | B43: 日程変更 | C43: 試験ケース・証跡ルール作成 | D43: 10/9～10/13（0.50） | E43: 10/9～10/14（0.50） | F43: 区間容量検査を満たすよう作業窓を調整（旧10/09～10/13）
A44: 1.06 | B44: 日程変更 | C44: テナント・OU・試験アカウント準備 | D44: 10/8～10/13（0.50） | E44: 10/8～10/13（0.50） | F44: 依存を「1.01（1.04と並行）」に修正（v2は1.04終了前に開始する矛盾）
A45: 1.07 | B45: 維持 | C45: 企業登録・資産登録 | D45: 10/14～10/14（0.50） | E45: 10/14～10/14（0.50）
A46: 1.08 | B46: 日程変更 | C46: ポリシー基線・反映確認 | D46: 10/14～10/14（0.50） | E46: 10/15～10/15（0.50） | F46: 区間容量検査を満たすよう作業窓を調整（旧10/14～10/14）
A47: 1.09 | B47: 維持 | C47: 接続要件・申請・リードタイム確認 | D47: 10/8～10/13（0.50） | E47: 10/8～10/13（0.50）
A48: 1.10 | B48: 日程変更 | C48: 登録用ネットワーク・証明書の基本確認 | D48: 10/13～10/13（0.25） | E48: 10/13～10/14（0.25） | F48: 区間容量検査を満たすよう作業窓を調整（旧10/13～10/13）
A49: 1.11 | B49: 変更 | C49: VDI・M365・業務サービスの基本接続 | D49: 10/14～10/15（0.50） | E49: 10/15～10/16（0.65） | F49: 業務アプリ互換チェックリスト（業務部門が実施・SEは作成と回収）を追加（+0.15）
A50: 2.01 | B50: 日程変更 | C50: 会社アカウント以外の端末ログイン制限 | D50: 10/15～10/15（0.25） | E50: 10/16～10/16（0.25） | F50: 区間容量検査を満たすよう作業窓を調整（旧10/15～10/15）
A51: 2.02 | B51: 日程変更 | C51: 追加アカウント・マルチログイン制限 | D51: 10/15～10/15（0.25） | E51: 10/16～10/16（0.25） | F51: 区間容量検査を満たすよう作業窓を調整（旧10/15～10/15）
A52: 2.03 | B52: 変更 | C52: MFA・フィッシング耐性評価 | D52: 10/16～10/16（0.50） | E52: 10/16～10/19（0.50） | F52: パスキー／セキュリティキーの可否・登録・失効手順を追加（工数据置）
A53: 2.04 | B53: 変更 | C53: 離線ログイン・画面ロック | D53: 10/16～10/16（0.25） | E53: 10/19～10/19（0.25） | F53: 最大セッション時間・強制オンライン再認証の頻度を追加（工数据置）
A54: 2.05 | B54: 変更 | C54: パスワード・保存・認証失敗対策 | D54: 10/19～10/19（0.50） | E54: 10/19～10/19（0.50） | F54: 漏えい資格情報検知・Password Alertの可否を追加（工数据置）
A55: 2.06 | B55: 変更 | C55: 一般権限と管理者権限の分離 | D55: 10/19～10/19（0.50） | E55: 10/19～10/20（0.75） | F55: 管理コンソール自体の保護（break-glass、セキュリティキー、管理端末限定）を追加（+0.25）
A56: 2.07 | B56: 日程変更 | C56: 停用・権限棚卸し・セッション処置 | D56: 10/20～10/20（0.50） | E56: 10/20～10/21（0.50） | F56: 区間容量検査を満たすよう作業窓を調整（旧10/20～10/20）
A57: 3.01 | B57: 変更 | C57: ゲスト・開発者モード・Linux環境制限 | D57: 10/20～10/20（0.25） | E57: 10/21～10/21（0.40） | F57: DevTools・chrome://flags・Crosh・管理ゲストセッションの可否を追加（+0.15）
A58: 3.02 | B58: 維持 | C58: 標準保護仕様・実効設定・ユーザー分離 | D58: 10/21～10/21（0.25） | E58: 10/21～10/21（0.25）
A59: 3.03 | B59: 変更 | C59: 拡張機能の許可・拒否・強制配布 | D59: 10/21～10/21（0.25） | E59: 10/21～10/22（0.45） | F59: PWA・リモートアクセス系ツール（拡張・Chrome Remote Desktop）の制御を追加（+0.20）
A60: 3.04 | B60: 変更 | C60: Androidアプリ・APK経路確認 | D60: 10/22～10/22（0.25） | E60: 10/22～10/22（0.25） | F60: 未承認のリモートアクセス系Androidアプリの導入可否を追加（工数据置）
A61: 3.05 | B61: 維持 | C61: OAuthアプリ・API権限管理 | D61: 10/22～10/22（0.50） | E61: 10/22～10/22（0.50）
A62: 3.06 | B62: 維持 | C62: 自動更新・再起動・最低バージョン | D62: 10/23～10/26（0.50） | E62: 10/23～10/26（0.50）
A63: 3.07 | B63: 日程変更 | C63: 脆弱性情報・AUE・更新失敗運用 | D63: 10/23～10/26（0.25） | E63: 10/23～10/26（0.25） | F63: 依存を「1.07（3.06と並行）」に修正（v2は3.06終了前に開始する矛盾）
A64: 3.08 | B64: 維持 | C64: 資産・アプリ台帳と構成差分 | D64: 10/26～10/26（0.25） | E64: 10/26～10/26（0.25）
A65: 3.09 | B65: 維持 | C65: 標準機能とAV／EDR要件の差分確認 | D65: 10/26～10/27（0.50） | E65: 10/26～10/27（0.50）
A66: 4.01 | B66: 変更 | C66: Safe Browsing・ダウンロード制御 | D66: 10/27～10/27（0.25） | E66: 10/27～10/27（0.25） | F66: 証明書エラー上書き・Safe Browsing強化モード・警告回避禁止を追加（工数据置）
A67: 4.02 | B67: 変更 | C67: URL・サイト権限・情報送信制御 | D67: 10/27～10/27（0.25） | E67: 10/27～10/27（0.25） | F67: 生成AI機能の可否・Edge固有機能の扱いを追加（工数据置）
A68: 4.03 | B68: 日程変更 | C68: 通信経路・利用者変更・制御迂回の検証 | D68: 10/23～10/23（0.50） | E68: 10/23～10/26（0.50） | F68: 区間容量検査を満たすよう作業窓を調整（旧10/23～10/23）
A69: 4.04a | B69: 分割 | C69: 接続先証跡確認（AD／DC／Windows管理・27項目） | D69: （旧4.04）10/15～10/27（0.50） | E69: 10/15～10/28（0.20） | F69: 旧4.04（68項目・0.50人日）を責任者別に分割。回答期限と状態を個別に追跡
A70: 4.04b | B70: 分割 | C70: 接続先証跡確認（SMB／NTLM／暗号化・22項目） | D70: （旧4.04）10/15～10/27（0.50） | E70: 10/15～10/28（0.15） | F70: 旧4.04（68項目・0.50人日）を責任者別に分割。回答期限と状態を個別に追跡
A71: 4.04c | B71: 分割 | C71: 接続先証跡確認（VDI／RDP／リモート／RMM・14項目） | D71: （旧4.04）10/15～10/27（0.50） | E71: 10/15～10/28（0.10） | F71: 旧4.04（68項目・0.50人日）を責任者別に分割。回答期限と状態を個別に追跡
A72: 4.04d | B72: 分割 | C72: 接続先証跡確認（仮想化・アプリ制御・ログ等・5項目） | D72: （旧4.04）10/15～10/27（0.50） | E72: 10/15～10/28（0.05） | F72: 旧4.04（68項目・0.50人日）を責任者別に分割。回答期限と状態を個別に追跡
A73: 4.05 | B73: 維持 | C73: USB・外部記憶媒体制限 | D73: 10/29～10/29（0.25） | E73: 10/29～10/29（0.25）
A74: 4.06 | B74: 維持 | C74: 外部共有・印刷・コピー・ダウンロード | D74: 10/29～10/29（0.50） | E74: 10/29～10/29（0.50）
A75: 4.07 | B75: 維持 | C75: DLP・端末条件付きアクセスの適用評価 | D75: 10/30～10/30（0.25＋条件0.50） | E75: 10/30～10/30（0.25＋条件0.50）
A76: 4.08 | B76: 日程変更 | C76: メール保護証跡・VBA適用範囲の確認 | D76: 10/30～10/30（0.25） | E76: 10/30～11/2（0.25） | F76: 区間容量検査を満たすよう作業窓を調整（旧10/30～10/30）
A77: 4.09 | B77: 新規 | C77: SMB／NTLMクライアント制御（Chromebook側） | D77: — | E77: 10/27～10/28（0.25） | F77: Chromebook側のSMB／NTLM／NetBIOS制御の実機確認を追加（0.25人日）
A78: 5.01 | B78: 変更 | C78: バックアップ責任分界・既存復元証跡 | D78: 10/9～10/28（0.50） | E78: 10/9～10/28（0.50） | F78: Driveのごみ箱・版管理・管理者復元の保持期間（仕様）を追加。F3／F8は5.06へ移動
A79: 5.02 | B79: 変更 | C79: Drive復元確認と追加復元試験 | D79: 10/29～10/30（0.00＋条件0.50） | E79: 10/29～10/30（0.25＋条件0.25） | F79: Drive部分を必須化（SE 0.25人日）。他の保存先は証跡不足時のみ（条件付き0.25人日）
A80: 5.03 | B80: 変更 | C80: イベント記録・検索・出力 | D80: 10/29～10/30（0.50） | E80: 10/29～11/2（0.65） | F80: 端末側のログ・上報（Chromeイベント、システムログ、端末上の失敗ログイン）を追加（+0.15）
A81: 5.04 | B81: 日程変更 | C81: ログ保管・SIEM・告知ルール | D81: 10/30～11/2（0.50） | E81: 11/2～11/2（0.50） | F81: 区間容量検査を満たすよう作業窓を調整（旧10/30～11/02）
A82: 5.05 | B82: 変更 | C82: Disable・再有効化 | D82: 10/30～11/2（0.25） | E82: 11/2～11/2（0.25） | F82: リモート消去（管理コンソールからの初期化指示）の可否・反映を追加（工数据置）
A83: 5.06 | B83: 変更 | C83: 初期化・再登録・換機相当の業務復帰 | D83: 11/2～11/2（0.50） | E83: 11/2～11/4（0.50） | F83: F3（ゴールデンイメージ）・F8（予備ハードウェア）の主対応に変更
A84: 5.07a | B84: 分割 | C84: 既存インシデント対応手順・演習記録の回収（37項目） | D84: （旧5.07）11/2～11/4（0.25） | E84: 10/9～10/30（0.15） | F84: 旧5.07（37項目）の既存手順回収を前倒し（10/9開始）
A85: 5.07b | B85: 分割 | C85: Chromebook固有のIR手順適用確認 | D85: （旧5.07）11/2～11/4（0.25） | E85: 11/4～11/4（0.10） | F85: Chromebook固有の変更点確認を後半に分離（0.10人日）
A86: 5.08 | B86: 日程変更 | C86: 既存制度の証跡確認 | D86: 10/9～11/4（0.50） | E86: 10/9～11/5（0.50） | F86: 区間容量検査を満たすよう作業窓を調整（旧10/09～11/04）
A87: 6.01 | B87: 変更 | C87: O～X記入・証跡連携 | D87: 10/15～11/4（1.50） | E87: 10/15～11/6（1.25） | F87: O～X転記用シートの利用を前提に1.50→1.25人日。実績が合わなければ戻す
... A92: 6.06 | B92: 変更 | C92: 内部レビュー・提出 | D92: 11/9～11/10（0.50） | E92: 11/9～11/10（0.50） | F92: 転記用シートのチェック列（P・Q）と原票側の既知不整合を最終確認項目に追加（旧6.02終検を統合）
A93: 6.07 | B93: 維持 | C93: 試験環境・本番移行引継ぎ | D93: 11/10～11/10（0.25） | E93: 11/10～11/10（0.25）
